Date,Ticker,Ticker_Name,Close,Open,High,Low,Volume,Fetch_Date
2025-05-30,USDINR=X,USDINR,85.36129760742188,85.36129760742188,85.64140319824219,85.23860168457031,0,2026-05-25 14:44:35
2025-05-30,GOLD,GOLD_INR,19.23958969116211,19.268844679246477,19.483375678713397,18.908040599297202,240000,2026-05-25 14:44:35
2025-05-30,NIFTYBEES.NS,NIFTY_BEES,277.9700012207031,279.8900146484375,279.8900146484375,277.7099914550781,3521102,2026-05-25 14:44:35
2025-05-30,GC=F,GOLD_USD,3288.89990234375,3315.10009765625,3318.0,3270.89990234375,2213,2026-05-25 14:44:35
2025-05-30,BZ=F,BRENT_CRUDE,63.900001525878906,63.81999969482422,64.5199966430664,63.70000076293945,63546,2026-05-25 14:44:35
2025-05-30,^NSEI,NIFTY50,24750.69921875,24812.599609375,24863.94921875,24717.400390625,853900,2026-05-25 14:44:35
2025-06-02,USDINR=X,USDINR,85.52429962158203,85.52429962158203,85.62169647216797,85.28410339355469,0,2026-05-25 14:44:35
2025-06-02,GC=F,GOLD_USD,3370.60009765625,3296.89990234375,3380.800048828125,3296.89990234375,976,2026-05-25 14:44:35
2025-06-02,GOLD,GOLD_INR,20.3024959564209,19.161577504636526,20.33175094336798,19.161577504636526,326500,2026-05-25 14:44:35
2025-06-02,NIFTYBEES.NS,NIFTY_BEES,277.6000061035156,276.0,278.3800048828125,275.0,5733152,2026-05-25 14:44:35
2025-06-02,BZ=F,BRENT_CRUDE,64.62999725341797,63.040000915527344,65.70999908447266,62.970001220703125,57349,2026-05-25 14:44:35
2025-06-02,^NSEI,NIFTY50,24716.599609375,24669.69921875,24754.400390625,24526.150390625,311100,2026-05-25 14:44:35
2025-06-03,BZ=F,BRENT_CRUDE,65.62999725341797,65.02999877929688,65.94000244140625,64.5199966430664,43536,2026-05-25 14:44:35
2025-06-03,^NSEI,NIFTY50,24542.5,24786.30078125,24845.099609375,24502.150390625,349300,2026-05-25 14:44:35
2025-06-03,GC=F,GOLD_USD,3350.199951171875,3385.10009765625,3390.0,3331.300048828125,6410,2026-05-25 14:44:35
2025-06-03,NIFTYBEES.NS,NIFTY_BEES,275.7699890136719,278.0,278.6000061035156,275.4100036621094,7575648,2026-05-25 14:44:35
2025-06-03,USDINR=X,USDINR,85.36370086669922,85.36370086669922,85.70449829101562,85.28520202636719,0,2026-05-25 14:44:35
2025-06-03,GOLD,GOLD_INR,19.785673141479492,20.195231846053648,20.195231846053648,19.629648386481254,191500,2026-05-25 14:44:35
2025-06-04,BZ=F,BRENT_CRUDE,64.86000061035156,65.61000061035156,65.95999908447266,64.27999877929688,56182,2026-05-25 14:44:35
2025-06-04,^NSEI,NIFTY50,24620.19921875,24560.44921875,24644.25,24530.44921875,280900,2026-05-25 14:44:35
2025-06-04,NIFTYBEES.NS,NIFTY_BEES,276.4599914550781,276.5,276.8900146484375,275.1499938964844,2785742,2026-05-25 14:44:35
2025-06-04,GC=F,GOLD_USD,3373.5,3355.0,3380.0,3344.0,207,2026-05-25 14:44:35
2025-06-04,GOLD,GOLD_INR,19.892934799194336,19.834426687120935,20.14549782321313,19.746663589041162,157900,2026-05-25 14:44:35
2025-06-04,USDINR=X,USDINR,85.70880126953125,85.70880126953125,86.010498046875,85.55130004882812,0,2026-05-25 14:44:35
2025-06-05,USDINR=X,USDINR,85.9041976928711,85.9041976928711,86.02770233154297,85.61949920654297,0,2026-05-25 14:44:35
2025-06-05,GOLD,GOLD_INR,20.126970291137695,19.79542120332373,20.39513636211918,19.756416412960622,221900,2026-05-25 14:44:35
2025-06-05,^NSEI,NIFTY50,24750.900390625,24691.19921875,24899.849609375,24613.099609375,388400,2026-05-25 14:44:35
2025-06-05,NIFTYBEES.NS,NIFTY_BEES,278.04998779296875,277.8999938964844,279.3399963378906,276.3699951171875,7273297,2026-05-25 14:44:35
2025-06-05,BZ=F,BRENT_CRUDE,65.33999633789062,64.91000366210938,65.86000061035156,64.62999725341797,38658,2026-05-25 14:44:35
2025-06-05,GC=F,GOLD_USD,3350.699951171875,3371.5,3400.0,3343.699951171875,731,2026-05-25 14:44:35
2025-06-06,BZ=F,BRENT_CRUDE,66.47000122070312,65.19999694824219,66.66999816894531,64.81999969482422,39490,2026-05-25 14:44:35
2025-06-06,USDINR=X,USDINR,85.87750244140625,85.87750244140625,85.94000244140625,85.47799682617188,0,2026-05-25 14:44:35
2025-06-06,^NSEI,NIFTY50,25003.05078125,24748.69921875,25029.5,24671.44921875,335600,2026-05-25 14:44:35
2025-06-06,NIFTYBEES.NS,NIFTY_BEES,280.5,278.8999938964844,280.8500061035156,277.0,11945116,2026-05-25 14:44:35
2025-06-06,GOLD,GOLD_INR,20.400012969970703,20.263493402370298,20.58529085452812,20.058712191030075,195700,2026-05-25 14:44:35
2025-06-06,GC=F,GOLD_USD,3322.699951171875,3364.300048828125,3364.300048828125,3306.0,81,2026-05-25 14:44:35
2025-06-09,GC=F,GOLD_USD,3332.10009765625,3315.60009765625,3334.60009765625,3290.0,1887,2026-05-25 14:44:35
2025-06-09,NIFTYBEES.NS,NIFTY_BEES,281.3500061035156,281.04998779296875,282.8900146484375,281.04998779296875,4288088,2026-05-25 14:44:35
2025-06-09,USDINR=X,USDINR,85.7853012084961,85.77899932861328,85.85600280761719,85.48880004882812,0,2026-05-25 14:44:35
2025-06-09,GOLD,GOLD_INR,20.760812759399414,20.65354634433492,21.082610144653675,20.64866958368332,172500,2026-05-25 14:44:35
2025-06-09,^NSEI,NIFTY50,25103.19921875,25160.099609375,25160.099609375,25077.150390625,279200,2026-05-25 14:44:35
2025-06-09,BZ=F,BRENT_CRUDE,67.04000091552734,66.5999984741211,67.12999725341797,66.08000183105469,35213,2026-05-25 14:44:35
2025-06-10,BZ=F,BRENT_CRUDE,66.87000274658203,67.11000061035156,68.0,66.4800033569336,40266,2026-05-25 14:44:35
2025-06-10,NIFTYBEES.NS,NIFTY_BEES,281.3900146484375,282.20001220703125,282.79998779296875,281.0,4557302,2026-05-25 14:44:35
2025-06-10,USDINR=X,USDINR,85.75599670410156,85.75599670410156,85.75599670410156,85.50800323486328,0,2026-05-25 14:44:35
2025-06-10,GC=F,GOLD_USD,3320.89990234375,3302.0,3344.300048828125,3302.0,65,2026-05-25 14:44:35
2025-06-10,GOLD,GOLD_INR,20.9753475189209,20.926589203292522,21.326399951686966,20.84857775822668,145000,2026-05-25 14:44:35
2025-06-10,^NSEI,NIFTY50,25104.25,25196.05078125,25199.30078125,25055.44921875,307300,2026-05-25 14:44:35
2025-06-11,BZ=F,BRENT_CRUDE,69.7699966430664,66.56999969482422,69.95999908447266,66.47000122070312,58118,2026-05-25 14:44:35
2025-06-11,NIFTYBEES.NS,NIFTY_BEES,281.8699951171875,281.75,282.79998779296875,280.5,5246351,2026-05-25 14:44:35
2025-06-11,GC=F,GOLD_USD,3321.300048828125,3328.0,3356.0,3321.300048828125,2106,2026-05-25 14:44:35
2025-06-11,^NSEI,NIFTY50,25141.400390625,25134.150390625,25222.400390625,25081.30078125,301200,2026-05-25 14:44:35
2025-06-11,USDINR=X,USDINR,85.65280151367188,85.65280151367188,85.6532974243164,85.404296875,0,2026-05-25 14:44:35
2025-06-11,GOLD,GOLD_INR,21.063108444213867,21.043605119983763,21.26301286772399,20.799819146925593,202900,2026-05-25 14:44:35
2025-06-12,BZ=F,BRENT_CRUDE,69.36000061035156,70.36000061035156,70.61000061035156,68.37000274658203,60336,2026-05-25 14:44:35
2025-06-12,NIFTYBEES.NS,NIFTY_BEES,278.95001220703125,282.0,282.75,278.42999267578125,7646410,2026-05-25 14:44:35
2025-06-12,USDINR=X,USDINR,85.46980285644531,85.46980285644531,85.71289825439453,85.38050079345703,0,2026-05-25 14:44:35
2025-06-12,^NSEI,NIFTY50,24888.19921875,25164.44921875,25196.19921875,24825.900390625,328300,2026-05-25 14:44:35
2025-06-12,GOLD,GOLD_INR,20.73155975341797,20.9168376171334,21.238635033092095,20.692553104240233,160800,2026-05-25 14:44:35
2025-06-12,GC=F,GOLD_USD,3380.89990234375,3363.0,3395.89990234375,3353.39990234375,1818,2026-05-25 14:44:35
2025-06-13,^NSEI,NIFTY50,24718.599609375,24473.0,24754.349609375,24473.0,318700,2026-05-25 14:44:35
2025-06-13,USDINR=X,USDINR,85.68840026855469,85.68840026855469,86.20439910888672,85.62039947509766,0,2026-05-25 14:44:35
2025-06-13,GOLD,GOLD_INR,21.66769790649414,20.487774619379962,21.940738882161472,20.478022956684043,357700,2026-05-25 14:44:35
2025-06-13,GC=F,GOLD_USD,3431.199951171875,3407.300048828125,3444.0,3407.300048828125,499,2026-05-25 14:44:35
2025-06-13,BZ=F,BRENT_CRUDE,74.2300033569336,70.2699966430664,78.52999877929688,69.91999816894531,175031,2026-05-25 14:44:35
2025-06-13,NIFTYBEES.NS,NIFTY_BEES,277.1000061035156,276.0,277.5,274.0799865722656,6491577,2026-05-25 14:44:35
2025-06-16,GC=F,GOLD_USD,3396.39990234375,3442.0,3442.0,3385.39990234375,480,2026-05-25 14:44:35
2025-06-16,USDINR=X,USDINR,86.24919891357422,86.24919891357422,86.24120330810547,85.77400207519531,0,2026-05-25 14:44:35
2025-06-16,NIFTYBEES.NS,NIFTY_BEES,279.70001220703125,279.3900146484375,279.9700012207031,276.010009765625,5287546,2026-05-25 14:44:35
2025-06-16,^NSEI,NIFTY50,24946.5,24732.349609375,24967.099609375,24703.599609375,305800,2026-05-25 14:44:35
2025-06-16,BZ=F,BRENT_CRUDE,73.2300033569336,76.80999755859375,78.4800033569336,70.63999938964844,100509,2026-05-25 14:44:35
2025-06-16,GOLD,GOLD_INR,21.04360580444336,21.755460422541393,22.10651283034401,20.986072298050793,291300,2026-05-25 14:44:35
2025-06-17,GC=F,GOLD_USD,3386.60009765625,3398.300048828125,3398.300048828125,3376.10009765625,1477,2026-05-25 14:44:35
2025-06-17,BZ=F,BRENT_CRUDE,76.44999694824219,72.80999755859375,77.08000183105469,72.52999877929688,88748,2026-05-25 14:44:35
2025-06-17,USDINR=X,USDINR,86.10420227050781,86.10420227050781,86.38980102539062,85.88349914550781,0,2026-05-25 14:44:35
2025-06-17,NIFTYBEES.NS,NIFTY_BEES,278.5899963378906,281.489990234375,281.489990234375,278.2099914550781,7113968,2026-05-25 14:44:35
2025-06-17,GOLD,GOLD_INR,20.877832412719727,20.985098845442025,21.31177118518424,20.770565979997432,166400,2026-05-25 14:44:35
2025-06-17,^NSEI,NIFTY50,24853.400390625,24977.849609375,24982.05078125,24813.69921875,242400,2026-05-25 14:44:35
2025-06-18,BZ=F,BRENT_CRUDE,76.69999694824219,77.19000244140625,77.43000030517578,74.44000244140625,0,2026-05-25 14:44:35
2025-06-18,GOLD,GOLD_INR,20.770565032958984,20.877831460790443,21.16062409418631,20.72180858027529,147800,2026-05-25 14:44:35
2025-06-18,GC=F,GOLD_USD,3389.800048828125,3385.300048828125,3391.89990234375,3365.10009765625,0,2026-05-25 14:44:35
2025-06-18,USDINR=X,USDINR,86.36270141601562,86.36270141601562,86.54630279541016,86.25260162353516,0,2026-05-25 14:44:35
2025-06-18,^NSEI,NIFTY50,24812.05078125,24788.349609375,24947.55078125,24750.44921875,237600,2026-05-25 14:44:35
2025-06-18,NIFTYBEES.NS,NIFTY_BEES,278.239990234375,279.8900146484375,279.8900146484375,277.3800048828125,3200952,2026-05-25 14:44:35
2025-06-19,^NSEI,NIFTY50,24793.25,24803.25,24863.099609375,24733.400390625,274600,2026-05-25 14:44:35
2025-06-19,USDINR=X,USDINR,86.61360168457031,86.61360168457031,86.90170288085938,86.32530212402344,0,2026-05-25 14:44:35
2025-06-19,NIFTYBEES.NS,NIFTY_BEES,277.9100036621094,278.5,279.8900146484375,271.2799987792969,4330677,2026-05-25 14:44:35
2025-06-20,GC=F,GOLD_USD,3368.10009765625,3350.0,3372.89990234375,3341.0,709,2026-05-25 14:44:35
2025-06-20,BZ=F,BRENT_CRUDE,77.01000213623047,76.12000274658203,79.0199966430664,75.52999877929688,98821,2026-05-25 14:44:35
2025-06-20,NIFTYBEES.NS,NIFTY_BEES,281.5,276.510009765625,281.79998779296875,276.489990234375,11399466,2026-05-25 14:44:35
2025-06-20,GOLD,GOLD_INR,20.458518981933594,20.92658761684428,21.05335736792806,20.370755880395414,646500,2026-05-25 14:44:35
2025-06-20,^NSEI,NIFTY50,25112.400390625,24787.650390625,25136.19921875,24783.650390625,574700,2026-05-25 14:44:35
2025-06-20,USDINR=X,USDINR,86.58380126953125,86.58380126953125,86.76309967041016,86.47100067138672,0,2026-05-25 14:44:35
2025-06-23,^NSEI,NIFTY50,24971.900390625,24939.75,25057.0,24824.849609375,248500,2026-05-25 14:44:35
2025-06-23,NIFTYBEES.NS,NIFTY_BEES,280.8599853515625,280.8999938964844,281.5299987792969,278.5,8963571,2026-05-25 14:44:35
2025-06-23,GOLD,GOLD_INR,20.2244873046875,20.370758539699665,20.692556000702293,20.029459611317833,189100,2026-05-25 14:44:35
2025-06-23,GC=F,GOLD_USD,3377.699951171875,3365.89990234375,3387.89990234375,3350.0,30,2026-05-25 14:44:35
2025-06-23,BZ=F,BRENT_CRUDE,71.4800033569336,80.01000213623047,81.4000015258789,69.54000091552734,100475,2026-05-25 14:44:35
2025-06-23,USDINR=X,USDINR,86.5802993774414,86.5802993774414,87.02940368652344,86.55180358886719,0,2026-05-25 14:44:35
2025-06-24,^NSEI,NIFTY50,25044.349609375,25179.900390625,25317.69921875,24999.69921875,450200,2026-05-25 14:44:35
2025-06-24,GC=F,GOLD_USD,3317.39990234375,3358.0,3358.0,3301.0,538,2026-05-25 14:44:35
2025-06-24,GOLD,GOLD_INR,20.877832412719727,20.312248980079538,20.892458977203848,20.08796631160522,184400,2026-05-25 14:44:35
2025-06-24,BZ=F,BRENT_CRUDE,67.13999938964844,70.5999984741211,70.7300033569336,66.80999755859375,62358,2026-05-25 14:44:35
2025-06-24,USDINR=X,USDINR,86.23300170898438,86.23300170898438,86.35459899902344,85.9000015258789,0,2026-05-25 14:44:35
2025-06-24,NIFTYBEES.NS,NIFTY_BEES,281.42999267578125,283.8999938964844,284.239990234375,281.1700134277344,10219161,2026-05-25 14:44:35
2025-06-25,GOLD,GOLD_INR,21.004602432250977,20.770566237961216,21.10211534327556,20.57553855597249,139200,2026-05-25 14:44:35
2025-06-25,USDINR=X,USDINR,85.90480041503906,85.90480041503906,86.1270980834961,85.79019927978516,0,2026-05-25 14:44:35
2025-06-25,GC=F,GOLD_USD,3327.10009765625,3321.60009765625,3331.199951171875,3310.60009765625,373,2026-05-25 14:44:35
2025-06-25,^NSEI,NIFTY50,25244.75,25150.349609375,25266.80078125,25125.05078125,260600,2026-05-25 14:44:35
2025-06-25,NIFTYBEES.NS,NIFTY_BEES,283.4100036621094,282.0,283.7799987792969,281.7099914550781,3346093,2026-05-25 14:44:35
2025-06-25,BZ=F,BRENT_CRUDE,67.68000030517578,67.91999816894531,68.76000213623047,67.31999969482422,23618,2026-05-25 14:44:35
2025-06-26,BZ=F,BRENT_CRUDE,67.7300033569336,67.75,69.04000091552734,67.38999938964844,13057,2026-05-25 14:44:35
2025-06-26,NIFTYBEES.NS,NIFTY_BEES,286.3900146484375,283.3999938964844,286.5799865722656,282.1099853515625,10212702,2026-05-25 14:44:35
2025-06-26,^NSEI,NIFTY50,25549.0,25268.94921875,25565.30078125,25259.900390625,428900,2026-05-25 14:44:35
2025-06-26,GOLD,GOLD_INR,21.36540412902832,21.121618137724994,21.381981769870656,20.819324029291934,111400,2026-05-25 14:44:35
2025-06-26,USDINR=X,USDINR,86.006103515625,86.006103515625,86.11810302734375,85.58699798583984,0,2026-05-25 14:44:35
2025-06-26,GC=F,GOLD_USD,3333.5,3332.39990234375,3333.5,3332.39990234375,2058,2026-05-25 14:44:35
2025-06-27,GOLD,GOLD_INR,20.63404655456543,21.365404542633506,21.365404542633506,20.62429489153178,911900,2026-05-25 14:44:35
2025-06-27,USDINR=X,USDINR,85.66639709472656,85.66639709472656,85.77970123291016,85.37249755859375,0,2026-05-25 14:44:35
2025-06-27,GC=F,GOLD_USD,3273.699951171875,3318.699951171875,3318.699951171875,3253.800048828125,284,2026-05-25 14:44:35
2025-06-27,^NSEI,NIFTY50,25637.80078125,25576.650390625,25654.19921875,25523.55078125,564000,2026-05-25 14:44:35
2025-06-27,BZ=F,BRENT_CRUDE,67.7699966430664,67.95999908447266,68.41000366210938,67.20999908447266,8218,2026-05-25 14:44:35
2025-06-27,NIFTYBEES.NS,NIFTY_BEES,287.9599914550781,287.0,288.2799987792969,286.44000244140625,5139824,2026-05-25 14:44:35
2025-06-30,GOLD,GOLD_INR,21.628692626953125,20.74131180100887,21.849074991070882,20.68280182615537,314600,2026-05-25 14:44:35
2025-06-30,GC=F,GOLD_USD,3294.39990234375,3265.89990234375,3306.89990234375,3262.0,1242,2026-05-25 14:44:35
2025-06-30,USDINR=X,USDINR,85.4552993774414,85.4552993774414,85.92769622802734,85.24199676513672,0,2026-05-25 14:44:35
2025-06-30,BZ=F,BRENT_CRUDE,67.61000061035156,67.16999816894531,68.12000274658203,67.11000061035156,32957,2026-05-25 14:44:35
2025-06-30,^NSEI,NIFTY50,25517.05078125,25661.650390625,25669.349609375,25473.30078125,271000,2026-05-25 14:44:35
2025-06-30,NIFTYBEES.NS,NIFTY_BEES,286.510009765625,287.79998779296875,289.3900146484375,286.1099853515625,7928260,2026-05-25 14:44:35
2025-07-01,GOLD,GOLD_INR,21.91148567199707,21.628694870627324,22.53070235388588,21.37515719977949,245000,2026-05-25 14:44:35
2025-07-01,USDINR=X,USDINR,85.71399688720703,85.71399688720703,85.74169921875,85.45929718017578,0,2026-05-25 14:44:35
2025-07-01,GC=F,GOLD_USD,3336.699951171875,3310.10009765625,3354.10009765625,3310.10009765625,371,2026-05-25 14:44:35
2025-07-01,NIFTYBEES.NS,NIFTY_BEES,286.8399963378906,287.8800048828125,287.8900146484375,286.30999755859375,5355172,2026-05-25 14:44:35
2025-07-01,^NSEI,NIFTY50,25541.80078125,25551.349609375,25593.400390625,25501.80078125,260700,2026-05-25 14:44:35
2025-07-01,BZ=F,BRENT_CRUDE,67.11000061035156,66.58999633789062,67.4800033569336,66.33999633789062,29256,2026-05-25 14:44:35
2025-07-02,GOLD,GOLD_INR,22.165019989013672,22.087008552859906,22.545327367710204,21.492172049664706,198900,2026-05-25 14:44:35
2025-07-02,NIFTYBEES.NS,NIFTY_BEES,285.7799987792969,287.8900146484375,287.8900146484375,285.20001220703125,5669639,2026-05-25 14:44:35
2025-07-02,^NSEI,NIFTY50,25453.400390625,25588.30078125,25608.099609375,25378.75,309800,2026-05-25 14:44:35
2025-07-02,BZ=F,BRENT_CRUDE,69.11000061035156,67.20999908447266,69.19999694824219,66.94000244140625,50268,2026-05-25 14:44:35
2025-07-02,GC=F,GOLD_USD,3348.0,3329.0,3357.5,3329.0,39,2026-05-25 14:44:35
2025-07-02,USDINR=X,USDINR,85.6427993774414,85.6427993774414,85.77100372314453,85.510498046875,0,2026-05-25 14:44:35
2025-07-03,GC=F,GOLD_USD,3331.60009765625,3362.0,3362.0,3322.300048828125,0,2026-05-25 14:44:35
2025-07-03,USDINR=X,USDINR,85.69409942626953,85.69409942626953,85.697998046875,85.19270324707031,0,2026-05-25 14:44:35
2025-07-03,GOLD,GOLD_INR,22.272287368774414,22.194275929266635,22.330795483420392,21.843223521511913,100400,2026-05-25 14:44:35
2025-07-03,^NSEI,NIFTY50,25405.30078125,25505.099609375,25587.5,25384.349609375,293400,2026-05-25 14:44:35
2025-07-03,NIFTYBEES.NS,NIFTY_BEES,285.3900146484375,286.8900146484375,287.260009765625,285.1600036621094,9806621,2026-05-25 14:44:35
2025-07-03,BZ=F,BRENT_CRUDE,68.80000305175781,69.0199966430664,69.12999725341797,68.30999755859375,0,2026-05-25 14:44:35
2025-07-04,NIFTYBEES.NS,NIFTY_BEES,286.1099853515625,287.8900146484375,287.8900146484375,283.010009765625,4468132,2026-05-25 14:44:35
2025-07-04,GC=F,GOLD_USD,3332.5,3342.0,3342.0,3332.5,0,2026-05-25 14:44:35
2025-07-04,USDINR=X,USDINR,85.31909942626953,85.31909942626953,85.5530014038086,85.30729675292969,0,2026-05-25 14:44:35
2025-07-04,^NSEI,NIFTY50,25461.0,25428.849609375,25470.25,25331.650390625,193500,2026-05-25 14:44:35
2025-07-04,BZ=F,BRENT_CRUDE,68.29000091552734,68.80999755859375,68.91000366210938,67.75,0,2026-05-25 14:44:35
2025-07-07,USDINR=X,USDINR,85.49629974365234,85.49629974365234,86.03009796142578,85.36100006103516,0,2026-05-25 14:44:35
2025-07-07,GOLD,GOLD_INR,21.96999168395996,21.94073669878344,22.34834611523748,21.901730051881405,130000,2026-05-25 14:44:35
2025-07-07,BZ=F,BRENT_CRUDE,69.58000183105469,67.61000061035156,69.93000030517578,67.36000061035156,59456,2026-05-25 14:44:35
2025-07-07,^NSEI,NIFTY50,25461.30078125,25450.44921875,25489.80078125,25407.25,196100,2026-05-25 14:44:35
2025-07-07,NIFTYBEES.NS,NIFTY_BEES,286.07000732421875,287.7900085449219,287.7900085449219,284.010009765625,5191711,2026-05-25 14:44:35
2025-07-07,GC=F,GOLD_USD,3332.199951171875,3305.5,3333.300048828125,3299.199951171875,254,2026-05-25 14:44:35
2025-07-08,NIFTYBEES.NS,NIFTY_BEES,286.9100036621094,285.8999938964844,287.19000244140625,285.29998779296875,2720142,2026-05-25 14:44:35
2025-07-08,^NSEI,NIFTY50,25522.5,25427.849609375,25548.05078125,25424.150390625,210400,2026-05-25 14:44:35
2025-07-08,BZ=F,BRENT_CRUDE,70.1500015258789,69.54000091552734,70.66000366210938,69.05000305175781,34109,2026-05-25 14:44:35
2025-07-08,GC=F,GOLD_USD,3307.0,3330.39990234375,3334.5,3287.60009765625,909,2026-05-25 14:44:35
2025-07-08,USDINR=X,USDINR,85.89199829101562,85.89199829101562,85.89240264892578,85.62799835205078,0,2026-05-25 14:44:35
2025-07-08,GOLD,GOLD_INR,21.755460739135742,22.018750048819197,22.350299136582187,21.726207611352773,230000,2026-05-25 14:44:35
2025-07-09,^NSEI,NIFTY50,25476.099609375,25514.599609375,25548.69921875,25424.349609375,239100,2026-05-25 14:44:35
2025-07-09,USDINR=X,USDINR,85.7073974609375,85.7073974609375,85.91590118408203,85.59719848632812,0,2026-05-25 14:44:35
2025-07-09,NIFTYBEES.NS,NIFTY_BEES,286.5,286.1099853515625,287.69000244140625,286.0,2084278,2026-05-25 14:44:35
2025-07-09,GOLD,GOLD_INR,22.41855812072754,21.813969942057383,22.511196121992004,21.365402779229775,458300,2026-05-25 14:44:35
2025-07-09,BZ=F,BRENT_CRUDE,70.19000244140625,69.9000015258789,70.69999694824219,69.61000061035156,42186,2026-05-25 14:44:35
2025-07-09,GC=F,GOLD_USD,3311.60009765625,3289.39990234375,3314.0,3282.0,114,2026-05-25 14:44:35
2025-07-10,NIFTYBEES.NS,NIFTY_BEES,285.1600036621094,285.29998779296875,287.69000244140625,285.0,4543938,2026-05-25 14:44:35
2025-07-10,USDINR=X,USDINR,85.70850372314453,85.70850372314453,85.76529693603516,85.45500183105469,0,2026-05-25 14:44:35
2025-07-10,GC=F,GOLD_USD,3317.39990234375,3323.60009765625,3330.5,3311.60009765625,209,2026-05-25 14:44:35
2025-07-10,GOLD,GOLD_INR,23.325443267822266,22.457565750872963,23.46196282511151,22.457565750872963,242500,2026-05-25 14:44:35
2025-07-10,^NSEI,NIFTY50,25355.25,25511.650390625,25524.05078125,25340.44921875,219600,2026-05-25 14:44:35
2025-07-10,BZ=F,BRENT_CRUDE,68.63999938964844,70.19000244140625,70.48999786376953,68.52999877929688,52295,2026-05-25 14:44:35
2025-07-11,BZ=F,BRENT_CRUDE,70.36000061035156,68.98999786376953,70.69000244140625,68.55999755859375,40262,2026-05-25 14:44:35
2025-07-11,GC=F,GOLD_USD,3356.0,3330.5,3370.0,3330.5,776,2026-05-25 14:44:35
2025-07-11,GOLD,GOLD_INR,23.544851303100586,23.140165667917667,23.608234321189396,22.949038285477204,182400,2026-05-25 14:44:35
2025-07-11,^NSEI,NIFTY50,25149.849609375,25255.5,25322.44921875,25129.0,250000,2026-05-25 14:44:35
2025-07-11,USDINR=X,USDINR,85.73480224609375,85.73480224609375,85.9052963256836,85.65989685058594,0,2026-05-25 14:44:35
2025-07-11,NIFTYBEES.NS,NIFTY_BEES,283.1099853515625,285.3900146484375,285.3900146484375,282.5,5335789,2026-05-25 14:44:35
2025-07-14,GC=F,GOLD_USD,3351.5,3367.0,3375.5,3350.0,583,2026-05-25 14:44:35
2025-07-14,GOLD,GOLD_INR,22.993894577026367,23.471714895784338,23.549726338439932,22.30154325595038,217100,2026-05-25 14:44:35
2025-07-14,BZ=F,BRENT_CRUDE,69.20999908447266,70.52999877929688,71.51000213623047,69.0199966430664,62179,2026-05-25 14:44:35
2025-07-14,USDINR=X,USDINR,85.82129669189453,85.82129669189453,86.04319763183594,84.55950164794922,0,2026-05-25 14:44:35
2025-07-14,NIFTYBEES.NS,NIFTY_BEES,282.7099914550781,284.3900146484375,284.3900146484375,281.69000244140625,3884074,2026-05-25 14:44:35
2025-07-14,^NSEI,NIFTY50,25082.30078125,25149.5,25151.099609375,25001.94921875,259500,2026-05-25 14:44:35
2025-07-15,USDINR=X,USDINR,85.96839904785156,85.96839904785156,86.0281982421875,85.7437973022461,0,2026-05-25 14:44:35
2025-07-15,GC=F,GOLD_USD,3329.800048828125,3341.0,3341.0,3329.800048828125,210,2026-05-25 14:44:35
2025-07-15,NIFTYBEES.NS,NIFTY_BEES,283.69000244140625,283.489990234375,284.3800048828125,282.1000061035156,5581909,2026-05-25 14:44:35
2025-07-15,GOLD,GOLD_INR,21.921236038208008,23.179172654516595,23.179172654516595,21.872479583597087,177800,2026-05-25 14:44:35
2025-07-15,BZ=F,BRENT_CRUDE,68.70999908447266,69.0999984741211,69.4000015258789,68.55999755859375,51233,2026-05-25 14:44:35
2025-07-15,^NSEI,NIFTY50,25195.80078125,25089.5,25245.19921875,25088.44921875,241300,2026-05-25 14:44:35
2025-07-16,USDINR=X,USDINR,85.99310302734375,85.99310302734375,86.07129669189453,85.7249984741211,0,2026-05-25 14:44:35
2025-07-16,NIFTYBEES.NS,NIFTY_BEES,283.6400146484375,283.79998779296875,284.3900146484375,282.79998779296875,3091019,2026-05-25 14:44:35
2025-07-16,GOLD,GOLD_INR,21.930984497070312,21.97974280449732,22.043125814243556,21.5116723528943,202700,2026-05-25 14:44:35
2025-07-16,GC=F,GOLD_USD,3352.5,3341.199951171875,3352.89990234375,3329.5,10,2026-05-25 14:44:35
2025-07-16,BZ=F,BRENT_CRUDE,68.5199966430664,68.9000015258789,69.06999969482422,67.70999908447266,55511,2026-05-25 14:44:35
2025-07-16,^NSEI,NIFTY50,25212.05078125,25196.599609375,25255.30078125,25121.05078125,228800,2026-05-25 14:44:35
2025-07-17,GOLD,GOLD_INR,22.096763610839844,21.9017340605124,22.2040300495139,21.9017340605124,127700,2026-05-25 14:44:35
2025-07-17,NIFTYBEES.NS,NIFTY_BEES,282.8299865722656,284.989990234375,284.989990234375,282.6099853515625,3832375,2026-05-25 14:44:35
2025-07-17,GC=F,GOLD_USD,3340.10009765625,3313.800048828125,3340.800048828125,3313.800048828125,667,2026-05-25 14:44:35
2025-07-17,^NSEI,NIFTY50,25111.44921875,25230.75,25238.349609375,25101.0,243400,2026-05-25 14:44:35
2025-07-17,USDINR=X,USDINR,85.88520050048828,85.88520050048828,86.13200378417969,85.79499816894531,0,2026-05-25 14:44:35
2025-07-17,BZ=F,BRENT_CRUDE,69.5199966430664,68.69000244140625,69.62000274658203,68.29000091552734,50817,2026-05-25 14:44:35
2025-07-18,GOLD,GOLD_INR,21.48678970336914,22.30336633752137,22.30336633752137,21.34905447338016,135800,2026-05-25 14:44:35
2025-07-18,NIFTYBEES.NS,NIFTY_BEES,281.42999267578125,283.5,283.69000244140625,281.0,4485164,2026-05-25 14:44:35
2025-07-18,GC=F,GOLD_USD,3353.0,3338.199951171875,3353.0,3338.199951171875,602,2026-05-25 14:44:35
2025-07-18,^NSEI,NIFTY50,24968.400390625,25108.55078125,25144.599609375,24918.650390625,317000,2026-05-25 14:44:35
2025-07-18,BZ=F,BRENT_CRUDE,69.27999877929688,69.55999755859375,70.77999877929688,69.13999938964844,52366,2026-05-25 14:44:35
2025-07-18,USDINR=X,USDINR,86.04650115966797,86.04650115966797,86.22450256347656,85.92539978027344,0,2026-05-25 14:44:35
2025-07-21,BZ=F,BRENT_CRUDE,69.20999908447266,69.22000122070312,69.62000274658203,68.41999816894531,41204,2026-05-25 14:44:35
2025-07-21,USDINR=X,USDINR,86.14859771728516,86.14859771728516,86.33920288085938,85.64600372314453,0,2026-05-25 14:44:35
2025-07-21,^NSEI,NIFTY50,25090.69921875,24999.0,25111.400390625,24882.30078125,305200,2026-05-25 14:44:35
2025-07-21,NIFTYBEES.NS,NIFTY_BEES,282.260009765625,282.7900085449219,282.7900085449219,280.3500061035156,3913052,2026-05-25 14:44:35
2025-07-21,GC=F,GOLD_USD,3401.89990234375,3350.300048828125,3411.699951171875,3350.300048828125,53,2026-05-25 14:44:35
2025-07-21,GOLD,GOLD_INR,21.703229904174805,21.565494681439414,22.13611444541676,21.565494681439414,129500,2026-05-25 14:44:35
2025-07-22,^NSEI,NIFTY50,25060.900390625,25166.650390625,25182.0,25035.55078125,483700,2026-05-25 14:44:35
2025-07-22,GOLD,GOLD_INR,22.441099166870117,21.890156429349624,22.568997760893716,21.75242121409489,206500,2026-05-25 14:44:35
2025-07-22,USDINR=X,USDINR,86.19529724121094,86.19529724121094,86.44239807128906,86.04630279541016,0,2026-05-25 14:44:35
2025-07-22,BZ=F,BRENT_CRUDE,68.58999633789062,69.02999877929688,69.0999984741211,68.11000061035156,50140,2026-05-25 14:44:35
2025-07-22,NIFTYBEES.NS,NIFTY_BEES,282.07000732421875,283.8900146484375,283.8900146484375,281.29998779296875,3289296,2026-05-25 14:44:35
2025-07-22,GC=F,GOLD_USD,3439.199951171875,3411.0,3441.0,3395.60009765625,39,2026-05-25 14:44:35
2025-07-23,BZ=F,BRENT_CRUDE,68.51000213623047,68.72000122070312,69.08000183105469,68.0,37734,2026-05-25 14:44:35
2025-07-23,GC=F,GOLD_USD,3394.10009765625,3430.300048828125,3433.89990234375,3388.10009765625,63,2026-05-25 14:44:35
2025-07-23,GOLD,GOLD_INR,22.27385139465332,22.539485238948657,22.716574468478882,22.224660776006843,143200,2026-05-25 14:44:35
2025-07-23,^NSEI,NIFTY50,25219.900390625,25139.349609375,25233.5,25085.5,271500,2026-05-25 14:44:35
2025-07-23,USDINR=X,USDINR,86.3427963256836,86.3427963256836,86.45800018310547,86.23049926757812,0,2026-05-25 14:44:35
2025-07-23,NIFTYBEES.NS,NIFTY_BEES,283.5299987792969,283.69000244140625,283.70001220703125,281.29998779296875,3432968,2026-05-25 14:44:35
2025-07-24,GC=F,GOLD_USD,3371.0,3367.0,3371.0,3367.0,1175,2026-05-25 14:44:35
2025-07-24,GOLD,GOLD_INR,21.526140213012695,22.11643696048871,22.137097243442778,21.437597483567842,121500,2026-05-25 14:44:35
2025-07-24,BZ=F,BRENT_CRUDE,69.18000030517578,68.72000122070312,69.52999877929688,68.5,39597,2026-05-25 14:44:35
2025-07-24,NIFTYBEES.NS,NIFTY_BEES,282.1000061035156,284.489990234375,284.489990234375,281.5400085449219,3352354,2026-05-25 14:44:35
2025-07-24,USDINR=X,USDINR,86.39869689941406,86.39869689941406,86.44139862060547,86.23580169677734,0,2026-05-25 14:44:35
2025-07-24,^NSEI,NIFTY50,25062.099609375,25243.30078125,25246.25,25018.69921875,338700,2026-05-25 14:44:35
2025-07-25,USDINR=X,USDINR,86.4302978515625,86.4302978515625,86.62740325927734,86.3844985961914,0,2026-05-25 14:44:35
2025-07-25,GC=F,GOLD_USD,3334.0,3344.0,3345.0,3326.5,67,2026-05-25 14:44:35
2025-07-25,BZ=F,BRENT_CRUDE,68.44000244140625,69.26000213623047,69.88999938964844,68.30000305175781,27384,2026-05-25 14:44:35
2025-07-25,^NSEI,NIFTY50,24837.0,25010.349609375,25010.349609375,24806.349609375,278100,2026-05-25 14:44:35
2025-07-25,GOLD,GOLD_INR,21.732746124267578,21.486789288887913,21.752423121458367,21.427760173817276,116400,2026-05-25 14:44:35
2025-07-25,NIFTYBEES.NS,NIFTY_BEES,280.0299987792969,282.1000061035156,282.19000244140625,279.8500061035156,5504460,2026-05-25 14:44:35
2025-07-28,GC=F,GOLD_USD,3309.10009765625,3326.60009765625,3326.800048828125,3309.10009765625,533,2026-05-25 14:44:35
2025-07-28,^NSEI,NIFTY50,24680.900390625,24782.44921875,24889.19921875,24646.599609375,262100,2026-05-25 14:44:35
2025-07-28,GOLD,GOLD_INR,21.496625900268555,21.69339022539707,21.772096330748788,21.39824279945351,104800,2026-05-25 14:44:35
2025-07-28,NIFTYBEES.NS,NIFTY_BEES,278.489990234375,280.489990234375,280.6199951171875,278.1300048828125,3570644,2026-05-25 14:44:35
2025-07-28,BZ=F,BRENT_CRUDE,70.04000091552734,68.47000122070312,70.44999694824219,68.38999938964844,31485,2026-05-25 14:44:35
2025-07-28,USDINR=X,USDINR,86.506103515625,86.506103515625,86.72109985351562,86.39959716796875,0,2026-05-25 14:44:35
2025-07-29,BZ=F,BRENT_CRUDE,72.51000213623047,70.38999938964844,73.06999969482422,69.88999938964844,24345,2026-05-25 14:44:35
2025-07-29,GOLD,GOLD_INR,21.31954002380371,21.64420299364836,21.693393613487725,21.235913718274553,153700,2026-05-25 14:44:35
2025-07-29,^NSEI,NIFTY50,24821.099609375,24609.650390625,24847.150390625,24598.599609375,284700,2026-05-25 14:44:35
2025-07-29,USDINR=X,USDINR,86.77760314941406,86.77760314941406,87.17400360107422,86.72570037841797,0,2026-05-25 14:44:35
2025-07-29,NIFTYBEES.NS,NIFTY_BEES,280.0899963378906,286.8399963378906,286.8399963378906,277.4100036621094,3694965,2026-05-25 14:44:35
2025-07-29,GC=F,GOLD_USD,3323.39990234375,3323.39990234375,3323.39990234375,3323.39990234375,113144,2026-05-25 14:44:35
2025-07-30,USDINR=X,USDINR,87.06320190429688,87.06320190429688,87.78589630126953,86.98619842529297,0,2026-05-25 14:44:35
2025-07-30,BZ=F,BRENT_CRUDE,73.23999786376953,72.68000030517578,73.62999725341797,71.75,15242,2026-05-25 14:44:35
2025-07-30,GC=F,GOLD_USD,3295.800048828125,3325.800048828125,3331.800048828125,3263.89990234375,19252,2026-05-25 14:44:35
2025-07-30,NIFTYBEES.NS,NIFTY_BEES,280.1300048828125,281.8900146484375,281.8900146484375,278.4599914550781,3042854,2026-05-25 14:44:35
2025-07-30,GOLD,GOLD_INR,21.063743591308594,21.3490544259395,21.526141774173915,20.827625250494275,173700,2026-05-25 14:44:35
2025-07-30,^NSEI,NIFTY50,24855.05078125,24890.400390625,24902.30078125,24771.94921875,243900,2026-05-25 14:44:35
2025-07-31,GOLD,GOLD_INR,20.93584632873535,20.95552144926058,21.585172218610914,20.758757108496248,192400,2026-05-25 14:44:35
2025-07-31,^NSEI,NIFTY50,24768.349609375,24642.25,24956.5,24635.0,346300,2026-05-25 14:44:35
2025-07-31,USDINR=X,USDINR,87.714599609375,87.714599609375,87.77639770507812,87.2865982055664,0,2026-05-25 14:44:35
2025-07-31,NIFTYBEES.NS,NIFTY_BEES,279.260009765625,279.8999938964844,281.3900146484375,277.3299865722656,6228908,2026-05-25 14:44:35
2025-07-31,GC=F,GOLD_USD,3293.199951171875,3272.89990234375,3312.0,3272.89990234375,3704,2026-05-25 14:44:35
2025-07-31,BZ=F,BRENT_CRUDE,72.52999877929688,73.4000015258789,73.48999786376953,72.41999816894531,56020,2026-05-25 14:44:35
2025-08-01,GOLD,GOLD_INR,20.237329483032227,20.87681692295437,21.004715536839914,20.221589385416802,241800,2026-05-25 14:44:35
2025-08-01,USDINR=X,USDINR,87.4894027709961,87.4894027709961,87.74120330810547,87.143798828125,0,2026-05-25 14:44:35
2025-08-01,NIFTYBEES.NS,NIFTY_BEES,277.3500061035156,280.989990234375,280.989990234375,277.0299987792969,4744556,2026-05-25 14:44:35
2025-08-01,^NSEI,NIFTY50,24565.349609375,24734.900390625,24784.150390625,24535.05078125,263400,2026-05-25 14:44:35
2025-08-01,GC=F,GOLD_USD,3347.699951171875,3286.199951171875,3360.60009765625,3281.0,3420,2026-05-25 14:44:35
2025-08-01,BZ=F,BRENT_CRUDE,69.66999816894531,71.7699966430664,71.98999786376953,69.41000366210938,68855,2026-05-25 14:44:35
2025-08-04,NIFTYBEES.NS,NIFTY_BEES,278.8500061035156,278.80999755859375,279.0199890136719,276.9800109863281,3105481,2026-05-25 14:44:35
2025-08-04,^NSEI,NIFTY50,24722.75,24596.05078125,24736.25,24554.0,259300,2026-05-25 14:44:35
2025-08-04,GC=F,GOLD_USD,3374.39990234375,3367.60009765625,3386.5,3347.39990234375,351,2026-05-25 14:44:35
2025-08-04,GOLD,GOLD_INR,20.61118507385254,20.316035723752105,20.67513250468104,20.316035723752105,169700,2026-05-25 14:44:35
2025-08-04,BZ=F,BRENT_CRUDE,68.76000213623047,69.0,69.9800033569336,67.98999786376953,41788,2026-05-25 14:44:35
2025-08-04,USDINR=X,USDINR,87.24530029296875,87.24530029296875,87.98999786376953,87.06950378417969,0,2026-05-25 14:44:35
2025-08-05,BZ=F,BRENT_CRUDE,67.63999938964844,68.75,68.8499984741211,67.52999877929688,47388,2026-05-25 14:44:35
2025-08-05,GC=F,GOLD_USD,3381.89990234375,3378.5,3387.199951171875,3351.199951171875,915,2026-05-25 14:44:35
2025-08-05,GOLD,GOLD_INR,21.4080810546875,20.719401233284717,21.496625656767904,20.69480592748495,120200,2026-05-25 14:44:35
2025-08-05,NIFTYBEES.NS,NIFTY_BEES,278.1400146484375,279.3900146484375,279.8900146484375,277.6000061035156,3012419,2026-05-25 14:44:35
2025-08-05,USDINR=X,USDINR,87.89330291748047,87.89330291748047,88.07949829101562,87.6729965209961,0,2026-05-25 14:44:35
2025-08-05,^NSEI,NIFTY50,24649.55078125,24720.25,24733.099609375,24590.30078125,251800,2026-05-25 14:44:35
2025-08-06,GC=F,GOLD_USD,3380.0,3380.699951171875,3383.300048828125,3361.300048828125,1492,2026-05-25 14:44:35
2025-08-06,NIFTYBEES.NS,NIFTY_BEES,277.30999755859375,278.8900146484375,278.8900146484375,277.010009765625,2331607,2026-05-25 14:44:35
2025-08-06,BZ=F,BRENT_CRUDE,66.88999938964844,67.76000213623047,69.19000244140625,66.22000122070312,62159,2026-05-25 14:44:35
2025-08-06,USDINR=X,USDINR,87.72309875488281,87.72309875488281,87.84300231933594,87.6238021850586,0,2026-05-25 14:44:35
2025-08-06,GOLD,GOLD_INR,21.919673919677734,21.417921748603902,21.939349040434198,21.309700140185505,121800,2026-05-25 14:44:35
2025-08-06,^NSEI,NIFTY50,24574.19921875,24641.349609375,24671.400390625,24539.19921875,225100,2026-05-25 14:44:35
2025-08-07,NIFTYBEES.NS,NIFTY_BEES,277.2900085449219,275.510009765625,277.989990234375,274.79998779296875,7435680,2026-05-25 14:44:35
2025-08-07,^NSEI,NIFTY50,24596.150390625,24464.19921875,24634.19921875,24344.150390625,616700,2026-05-25 14:44:35
2025-08-07,BZ=F,BRENT_CRUDE,66.43000030517578,66.87999725341797,67.63999938964844,66.2699966430664,44063,2026-05-25 14:44:35
2025-08-07,GC=F,GOLD_USD,3400.300048828125,3384.89990234375,3422.89990234375,3384.89990234375,5464,2026-05-25 14:44:35
2025-08-07,USDINR=X,USDINR,87.76249694824219,87.76249694824219,87.79180145263672,87.33300018310547,0,2026-05-25 14:44:35
2025-08-07,GOLD,GOLD_INR,21.821290969848633,22.155792419683237,22.372233761604907,21.526141638317167,143000,2026-05-25 14:44:35
2025-08-08,^NSEI,NIFTY50,24363.30078125,24544.25,24585.5,24337.5,312600,2026-05-25 14:44:35
2025-08-08,GC=F,GOLD_USD,3439.10009765625,3438.800048828125,3477.0,3402.5,7657,2026-05-25 14:44:35
2025-08-08,GOLD,GOLD_INR,21.693391799926758,21.959025628456892,22.549322399689952,21.644201184199712,204000,2026-05-25 14:44:35
2025-08-08,NIFTYBEES.NS,NIFTY_BEES,275.1400146484375,277.8900146484375,277.8900146484375,274.79998779296875,4493882,2026-05-25 14:44:35
2025-08-08,BZ=F,BRENT_CRUDE,66.58999633789062,66.37999725341797,67.19000244140625,65.5,52157,2026-05-25 14:44:35
2025-08-08,USDINR=X,USDINR,87.43319702148438,87.43319702148438,87.73799896240234,87.39430236816406,0,2026-05-25 14:44:35
2025-08-11,NIFTYBEES.NS,NIFTY_BEES,277.2900085449219,277.0,277.489990234375,274.5,2929821,2026-05-25 14:44:35
2025-08-11,BZ=F,BRENT_CRUDE,66.62999725341797,66.2300033569336,67.11000061035156,65.83000183105469,31132,2026-05-25 14:44:35
2025-08-11,^NSEI,NIFTY50,24585.05078125,24371.5,24600.849609375,24347.44921875,241100,2026-05-25 14:44:35
2025-08-11,GOLD,GOLD_INR,21.5556583404541,21.72290907472904,21.94918892801223,21.2555906810342,151600,2026-05-25 14:44:35
2025-08-11,USDINR=X,USDINR,87.48829650878906,87.48829650878906,87.75579833984375,87.46640014648438,0,2026-05-25 14:44:35
2025-08-11,GC=F,GOLD_USD,3353.10009765625,3383.89990234375,3383.89990234375,3349.199951171875,1488,2026-05-25 14:44:35
2025-08-12,NIFTYBEES.NS,NIFTY_BEES,276.5400085449219,277.8900146484375,278.70001220703125,276.17999267578125,3767553,2026-05-25 14:44:35
2025-08-12,BZ=F,BRENT_CRUDE,66.12000274658203,66.72000122070312,67.04000091552734,65.97000122070312,33110,2026-05-25 14:44:35
2025-08-12,^NSEI,NIFTY50,24487.400390625,24563.349609375,24702.599609375,24465.650390625,237000,2026-05-25 14:44:35
2025-08-12,USDINR=X,USDINR,87.66449737548828,87.66449737548828,87.73989868164062,87.53690338134766,0,2026-05-25 14:44:35
2025-08-12,GOLD,GOLD_INR,22.559160232543945,21.644200545603184,22.657543337597016,21.644200545603184,172400,2026-05-25 14:44:35
2025-08-12,GC=F,GOLD_USD,3348.89990234375,3356.199951171875,3356.199951171875,3330.10009765625,1611,2026-05-25 14:44:35
2025-08-13,USDINR=X,USDINR,87.59559631347656,87.59559631347656,87.71700286865234,87.37590026855469,0,2026-05-25 14:44:35
2025-08-13,BZ=F,BRENT_CRUDE,65.62999725341797,66.05000305175781,66.33000183105469,65.0,40497,2026-05-25 14:44:35
2025-08-13,GOLD,GOLD_INR,23.25767707824707,22.628028198423646,23.43476629482283,22.40174836679981,179100,2026-05-25 14:44:35
2025-08-13,^NSEI,NIFTY50,24619.349609375,24586.19921875,24664.55078125,24535.25,236000,2026-05-25 14:44:35
2025-08-13,NIFTYBEES.NS,NIFTY_BEES,278.0199890136719,278.8900146484375,278.8900146484375,277.010009765625,2084764,2026-05-25 14:44:35
2025-08-13,GC=F,GOLD_USD,3358.699951171875,3358.800048828125,3363.39990234375,3358.699951171875,1011,2026-05-25 14:44:35
2025-08-14,USDINR=X,USDINR,87.44999694824219,87.44999694824219,87.68060302734375,87.38790130615234,0,2026-05-25 14:44:35
2025-08-14,GOLD,GOLD_INR,22.864147186279297,23.001882413578617,23.02155941076473,22.66738284392337,152200,2026-05-25 14:44:35
2025-08-14,^NSEI,NIFTY50,24631.30078125,24607.25,24673.650390625,24596.900390625,270200,2026-05-25 14:44:35
2025-08-14,GC=F,GOLD_USD,3335.199951171875,3346.800048828125,3356.0,3328.89990234375,592,2026-05-25 14:44:35
2025-08-14,NIFTYBEES.NS,NIFTY_BEES,278.2300109863281,278.8900146484375,278.8900146484375,275.010009765625,2919674,2026-05-25 14:44:35
2025-08-14,BZ=F,BRENT_CRUDE,66.83999633789062,65.7699966430664,66.9800033569336,65.56999969482422,34810,2026-05-25 14:44:35
2025-08-15,GOLD,GOLD_INR,23.0609130859375,23.021559092109996,23.178971314416597,22.60835153942974,296500,2026-05-25 14:44:35
2025-08-15,GC=F,GOLD_USD,3336.0,3346.800048828125,3346.800048828125,3335.89990234375,1185,2026-05-25 14:44:35
2025-08-15,BZ=F,BRENT_CRUDE,65.8499984741211,66.80000305175781,67.08000183105469,65.7300033569336,35864,2026-05-25 14:44:35
2025-08-15,USDINR=X,USDINR,87.69180297851562,87.69180297851562,87.70819854736328,87.39689636230469,0,2026-05-25 14:44:35
2025-08-18,^NSEI,NIFTY50,24876.94921875,24938.19921875,25022.0,24852.849609375,363100,2026-05-25 14:44:35
2025-08-18,USDINR=X,USDINR,87.51280212402344,87.51280212402344,87.54039764404297,87.3136978149414,0,2026-05-25 14:44:35
2025-08-18,NIFTYBEES.NS,NIFTY_BEES,281.07000732421875,280.1099853515625,282.42999267578125,279.7799987792969,5916142,2026-05-25 14:44:35
2025-08-18,GC=F,GOLD_USD,3331.699951171875,3333.5,3347.800048828125,3331.699951171875,646,2026-05-25 14:44:35
2025-08-18,GOLD,GOLD_INR,23.208486557006836,23.110103450011344,23.257677172253736,22.91333911252205,152800,2026-05-25 14:44:35
2025-08-18,BZ=F,BRENT_CRUDE,66.5999984741211,65.94999694824219,66.80999755859375,65.30999755859375,35004,2026-05-25 14:44:35
2025-08-19,GOLD,GOLD_INR,22.795278549194336,23.16913209643698,23.523310523878592,22.657543328078887,148100,2026-05-25 14:44:35
2025-08-19,BZ=F,BRENT_CRUDE,65.79000091552734,66.55999755859375,66.58000183105469,65.5999984741211,32562,2026-05-25 14:44:35
2025-08-19,NIFTYBEES.NS,NIFTY_BEES,281.9599914550781,281.8900146484375,282.2200012207031,280.5799865722656,3740523,2026-05-25 14:44:35
2025-08-19,^NSEI,NIFTY50,24980.650390625,24891.349609375,25012.650390625,24873.94921875,252300,2026-05-25 14:44:35
2025-08-19,USDINR=X,USDINR,87.29509735107422,87.29509735107422,87.37049865722656,86.90910339355469,0,2026-05-25 14:44:35
2025-08-19,GC=F,GOLD_USD,3313.39990234375,3330.199951171875,3343.5,3313.39990234375,1655,2026-05-25 14:44:35
2025-08-20,GOLD,GOLD_INR,22.441099166870117,22.923174296763246,23.011718899856024,22.382070056975458,228500,2026-05-25 14:44:35
2025-08-20,USDINR=X,USDINR,87.0791015625,87.0791015625,87.1666030883789,86.9800033569336,0,2026-05-25 14:44:35
2025-08-20,GC=F,GOLD_USD,3343.39990234375,3310.60009765625,3343.5,3310.10009765625,1213,2026-05-25 14:44:35
2025-08-20,BZ=F,BRENT_CRUDE,66.83999633789062,65.93000030517578,67.05000305175781,65.81999969482422,39505,2026-05-25 14:44:35
2025-08-20,^NSEI,NIFTY50,25050.55078125,24965.80078125,25088.69921875,24929.69921875,287100,2026-05-25 14:44:35
2025-08-20,NIFTYBEES.NS,NIFTY_BEES,282.5199890136719,282.4800109863281,282.8500061035156,281.0199890136719,2775361,2026-05-25 14:44:35
2025-08-21,BZ=F,BRENT_CRUDE,67.66999816894531,66.94999694824219,67.77999877929688,66.73999786376953,29950,2026-05-25 14:44:35
2025-08-21,GOLD,GOLD_INR,22.254175186157227,22.29352730385201,22.342717920095915,21.752423019162112,179500,2026-05-25 14:44:35
2025-08-21,^NSEI,NIFTY50,25083.75,25142.0,25153.650390625,25054.900390625,226500,2026-05-25 14:44:35
2025-08-21,USDINR=X,USDINR,87.01820373535156,87.01820373535156,87.32649993896484,86.92410278320312,0,2026-05-25 14:44:35
2025-08-21,GC=F,GOLD_USD,3336.89990234375,3349.39990234375,3349.39990234375,3326.5,142,2026-05-25 14:44:35
2025-08-21,NIFTYBEES.NS,NIFTY_BEES,283.05999755859375,284.989990234375,284.989990234375,282.54998779296875,2667789,2026-05-25 14:44:35
2025-08-22,GOLD,GOLD_INR,23.690561294555664,22.441100173953906,23.89716600321108,22.441100173953906,329200,2026-05-25 14:44:35
2025-08-22,GC=F,GOLD_USD,3374.39990234375,3349.39990234375,3377.699951171875,3349.39990234375,1240,2026-05-25 14:44:35
2025-08-22,BZ=F,BRENT_CRUDE,67.7300033569336,67.62000274658203,68.0199966430664,67.41999816894531,27481,2026-05-25 14:44:35
2025-08-22,USDINR=X,USDINR,87.29340362548828,87.29340362548828,87.54810333251953,87.177001953125,0,2026-05-25 14:44:35
2025-08-22,^NSEI,NIFTY50,24870.099609375,25064.150390625,25084.849609375,24859.150390625,210200,2026-05-25 14:44:35
2025-08-22,NIFTYBEES.NS,NIFTY_BEES,280.75,283.05999755859375,283.4800109863281,280.5899963378906,3705971,2026-05-25 14:44:35
2025-08-25,NIFTYBEES.NS,NIFTY_BEES,281.67999267578125,280.010009765625,282.2900085449219,272.3299865722656,2044353,2026-05-25 14:44:35
2025-08-25,BZ=F,BRENT_CRUDE,68.80000305175781,67.83999633789062,69.05999755859375,67.58000183105469,19094,2026-05-25 14:44:35
2025-08-25,USDINR=X,USDINR,87.3301010131836,87.3301010131836,87.60800170898438,87.23400115966797,0,2026-05-25 14:44:35
2025-08-25,GC=F,GOLD_USD,3373.800048828125,3366.0,3378.0,3366.0,1044,2026-05-25 14:44:35
2025-08-25,GOLD,GOLD_INR,23.415088653564453,23.592177865264787,24.477622047264823,23.38557503594882,286600,2026-05-25 14:44:35
2025-08-25,^NSEI,NIFTY50,24967.75,24949.150390625,25021.55078125,24894.349609375,213000,2026-05-25 14:44:35
2025-08-26,USDINR=X,USDINR,87.60859680175781,87.60859680175781,87.79000091552734,87.52279663085938,0,2026-05-25 14:44:35
2025-08-26,GC=F,GOLD_USD,3388.60009765625,3378.89990234375,3396.5,3371.10009765625,905,2026-05-25 14:44:35
2025-08-26,BZ=F,BRENT_CRUDE,67.22000122070312,68.7300033569336,68.7300033569336,67.11000061035156,21046,2026-05-25 14:44:35
2025-08-26,^NSEI,NIFTY50,24712.05078125,24899.5,24919.650390625,24689.599609375,750500,2026-05-25 14:44:35
2025-08-26,GOLD,GOLD_INR,23.051074981689453,23.33638393581125,23.66104688443356,22.893662756690862,169000,2026-05-25 14:44:35
2025-08-26,NIFTYBEES.NS,NIFTY_BEES,279.04998779296875,281.989990234375,281.989990234375,278.79998779296875,4753080,2026-05-25 14:44:35
2025-08-27,GC=F,GOLD_USD,3404.60009765625,3397.0,3404.60009765625,3382.0,3222,2026-05-25 14:44:35
2025-08-27,GOLD,GOLD_INR,22.53948211669922,22.824792919531603,23.060911234030012,22.327959108117017,168300,2026-05-25 14:44:35
2025-08-27,BZ=F,BRENT_CRUDE,68.05000305175781,67.23999786376953,68.0999984741211,66.91999816894531,16597,2026-05-25 14:44:35
2025-08-27,USDINR=X,USDINR,87.60070037841797,87.60070037841797,87.9885025024414,87.60070037841797,0,2026-05-25 14:44:35
2025-08-28,BZ=F,BRENT_CRUDE,68.62000274658203,67.70999908447266,68.66000366210938,67.4000015258789,8829,2026-05-25 14:44:35
2025-08-28,GC=F,GOLD_USD,3431.800048828125,3409.0,3434.60009765625,3400.0,1035,2026-05-25 14:44:35
2025-08-28,GOLD,GOLD_INR,22.598514556884766,22.549323937802377,22.65754555158583,22.16563185475463,120100,2026-05-25 14:44:35
2025-08-28,USDINR=X,USDINR,87.65910339355469,87.65910339355469,87.68299865722656,87.50920104980469,0,2026-05-25 14:44:35
2025-08-28,NIFTYBEES.NS,NIFTY_BEES,276.92999267578125,279.7900085449219,279.7900085449219,276.6499938964844,7638066,2026-05-25 14:44:35
2025-08-28,^NSEI,NIFTY50,24500.900390625,24695.80078125,24702.650390625,24481.599609375,326600,2026-05-25 14:44:35
2025-08-29,GC=F,GOLD_USD,3473.699951171875,3432.5,3475.60009765625,3426.60009765625,0,2026-05-25 14:44:35
2025-08-29,NIFTYBEES.NS,NIFTY_BEES,276.05999755859375,276.92999267578125,277.7900085449219,275.54998779296875,4233350,2026-05-25 14:44:35
2025-08-29,^NSEI,NIFTY50,24426.849609375,24466.69921875,24572.44921875,24404.69921875,325500,2026-05-25 14:44:35
2025-08-29,GOLD,GOLD_INR,23.031396865844727,22.726410929285304,23.031396865844727,22.509967723048202,127500,2026-05-25 14:44:35
2025-08-29,USDINR=X,USDINR,87.5916976928711,87.5916976928711,88.28939819335938,87.51010131835938,0,2026-05-25 14:44:35
2025-08-29,BZ=F,BRENT_CRUDE,68.12000274658203,68.26000213623047,68.36000061035156,68.02999877929688,0,2026-05-25 14:44:35
2025-09-01,^NSEI,NIFTY50,24625.05078125,24432.69921875,24635.599609375,24432.69921875,229300,2026-05-25 14:44:35
2025-09-01,NIFTYBEES.NS,NIFTY_BEES,278.17999267578125,276.8900146484375,278.25,275.67999267578125,2806125,2026-05-25 14:44:35
2025-09-01,USDINR=X,USDINR,88.17430114746094,88.17430114746094,88.32150268554688,87.9302978515625,0,2026-05-25 14:44:35
2025-09-02,GC=F,GOLD_USD,3549.39990234375,3485.699951171875,3559.199951171875,3485.699951171875,658,2026-05-25 14:44:35
2025-09-02,^NSEI,NIFTY50,24579.599609375,24653.0,24756.099609375,24522.349609375,271600,2026-05-25 14:44:35
2025-09-02,BZ=F,BRENT_CRUDE,69.13999938964844,67.43000030517578,69.51000213623047,67.08999633789062,55307,2026-05-25 14:44:35
2025-09-02,NIFTYBEES.NS,NIFTY_BEES,277.67999267578125,277.6199951171875,279.5,277.0,3594728,2026-05-25 14:44:35
2025-09-02,USDINR=X,USDINR,88.00140380859375,88.00140380859375,88.18800354003906,87.81549835205078,0,2026-05-25 14:44:35
2025-09-02,GOLD,GOLD_INR,23.178970336914062,23.016639810475674,23.454442652584262,22.657543076201197,213800,2026-05-25 14:44:35
2025-09-03,BZ=F,BRENT_CRUDE,67.5999984741211,69.05999755859375,69.2300033569336,67.37999725341797,45108,2026-05-25 14:44:35
2025-09-03,^NSEI,NIFTY50,24715.05078125,24616.5,24737.05078125,24533.19921875,340300,2026-05-25 14:44:35
2025-09-03,GOLD,GOLD_INR,23.464282989501953,23.080589041801975,23.54594084079827,22.834632200982252,279200,2026-05-25 14:44:35
2025-09-03,NIFTYBEES.NS,NIFTY_BEES,278.94000244140625,278.69000244140625,279.20001220703125,277.010009765625,4662312,2026-05-25 14:44:35
2025-09-03,USDINR=X,USDINR,87.99829864501953,87.99829864501953,88.17980194091797,87.9749984741211,0,2026-05-25 14:44:35
2025-09-03,GC=F,GOLD_USD,3593.199951171875,3554.800048828125,3593.699951171875,3553.199951171875,72,2026-05-25 14:44:35
2025-09-04,NIFTYBEES.NS,NIFTY_BEES,279.32000732421875,282.0,282.3800048828125,277.25,3947984,2026-05-25 14:44:35
2025-09-04,USDINR=X,USDINR,88.072998046875,88.072998046875,88.36029815673828,87.9749984741211,0,2026-05-25 14:44:35
2025-09-04,^NSEI,NIFTY50,24734.30078125,24980.75,24980.75,24708.19921875,314100,2026-05-25 14:44:35
2025-09-04,BZ=F,BRENT_CRUDE,66.98999786376953,67.44000244140625,67.48999786376953,66.31999969482422,42152,2026-05-25 14:44:35
2025-09-04,GOLD,GOLD_INR,23.483957290649414,23.41508780686614,23.63153100289616,23.177002918335305,211600,2026-05-25 14:44:35
2025-09-04,GC=F,GOLD_USD,3565.800048828125,3549.89990234375,3573.60009765625,3549.89990234375,237,2026-05-25 14:44:35
2025-09-05,GC=F,GOLD_USD,3613.199951171875,3567.800048828125,3613.199951171875,3567.800048828125,925,2026-05-25 14:44:35
2025-09-05,GOLD,GOLD_INR,23.454444885253906,23.59218011794945,24.079175496625815,23.267517157665807,209400,2026-05-25 14:44:35
2025-09-05,NIFTYBEES.NS,NIFTY_BEES,279.6000061035156,279.79998779296875,280.739990234375,278.20001220703125,3725303,2026-05-25 14:44:35
2025-09-05,BZ=F,BRENT_CRUDE,65.5,66.83999633789062,67.05000305175781,65.08000183105469,38287,2026-05-25 14:44:35
2025-09-05,^NSEI,NIFTY50,24741.0,24818.849609375,24832.349609375,24621.599609375,210100,2026-05-25 14:44:35
2025-09-05,USDINR=X,USDINR,88.19290161132812,88.19290161132812,88.35340118408203,87.80010223388672,0,2026-05-25 14:44:35
2025-09-08,GC=F,GOLD_USD,3638.10009765625,3594.5,3641.0,3590.0,97,2026-05-25 14:44:35
2025-09-08,^NSEI,NIFTY50,24773.150390625,24802.599609375,24885.5,24751.55078125,213200,2026-05-25 14:44:35
2025-09-08,GOLD,GOLD_INR,24.182476043701172,23.552827143937336,24.1923145423227,23.33638392726721,318800,2026-05-25 14:44:35
2025-09-08,BZ=F,BRENT_CRUDE,66.0199966430664,65.80999755859375,67.02999877929688,65.5199966430664,29078,2026-05-25 14:44:35
2025-09-08,NIFTYBEES.NS,NIFTY_BEES,279.989990234375,281.20001220703125,281.20001220703125,279.45001220703125,5102190,2026-05-25 14:44:35
2025-09-08,USDINR=X,USDINR,88.1863021850586,88.1863021850586,88.2229995727539,87.82779693603516,0,2026-05-25 14:44:35
2025-09-09,GOLD,GOLD_INR,24.054580688476562,24.221831421591396,24.241506543456435,23.55282848913206,569700,2026-05-25 14:44:35
2025-09-09,NIFTYBEES.NS,NIFTY_BEES,280.5400085449219,280.8399963378906,281.989990234375,279.760009765625,3612790,2026-05-25 14:44:35
2025-09-09,BZ=F,BRENT_CRUDE,66.38999938964844,66.16999816894531,67.38999938964844,66.13999938964844,38860,2026-05-25 14:44:35
2025-09-09,GC=F,GOLD_USD,3643.300048828125,3647.10009765625,3670.39990234375,3627.800048828125,535,2026-05-25 14:44:35
2025-09-09,USDINR=X,USDINR,87.98049926757812,87.98049926757812,88.21929931640625,87.90010070800781,0,2026-05-25 14:44:35
2025-09-09,^NSEI,NIFTY50,24868.599609375,24864.099609375,24891.80078125,24814.0,226900,2026-05-25 14:44:35
2025-09-10,USDINR=X,USDINR,88.21829986572266,88.21829986572266,88.24929809570312,87.97789764404297,0,2026-05-25 14:44:35
2025-09-10,GOLD,GOLD_INR,23.651208877563477,21.65403880963559,23.791895834312488,21.64420031158649,825300,2026-05-25 14:44:35
2025-09-10,^NSEI,NIFTY50,24973.099609375,24991.0,25035.69921875,24915.05078125,244100,2026-05-25 14:44:35
2025-09-10,GC=F,GOLD_USD,3643.60009765625,3625.0,3655.39990234375,3620.800048828125,136,2026-05-25 14:44:35
2025-09-10,NIFTYBEES.NS,NIFTY_BEES,281.8399963378906,283.989990234375,283.989990234375,281.17999267578125,5057073,2026-05-25 14:44:35
2025-09-10,BZ=F,BRENT_CRUDE,67.48999786376953,66.44000244140625,67.7699966430664,66.44000244140625,38789,2026-05-25 14:44:35
2025-09-11,USDINR=X,USDINR,88.05339813232422,88.05339813232422,88.49099731445312,88.02660369873047,0,2026-05-25 14:44:35
2025-09-11,GC=F,GOLD_USD,3636.89990234375,3632.89990234375,3636.89990234375,3618.39990234375,307,2026-05-25 14:44:35
2025-09-11,BZ=F,BRENT_CRUDE,66.37000274658203,67.58000183105469,67.61000061035156,66.16000366210938,34565,2026-05-25 14:44:35
2025-09-11,^NSEI,NIFTY50,25005.5,24945.5,25037.30078125,24940.150390625,224600,2026-05-25 14:44:35
2025-09-11,NIFTYBEES.NS,NIFTY_BEES,282.5299987792969,281.8999938964844,282.7699890136719,281.1400146484375,3697227,2026-05-25 14:44:35
2025-09-11,GOLD,GOLD_INR,24.60552215576172,22.903501297049527,24.841640493689848,22.70771836410566,611300,2026-05-25 14:44:35
2025-09-12,USDINR=X,USDINR,88.2676010131836,88.2676010131836,88.40850067138672,88.21690368652344,0,2026-05-25 14:44:35
2025-09-12,NIFTYBEES.NS,NIFTY_BEES,283.510009765625,283.5799865722656,283.8999938964844,282.70001220703125,4540757,2026-05-25 14:44:35
2025-09-12,GOLD,GOLD_INR,26.54366111755371,25.018729494905074,27.665225558416328,24.821963276788342,913700,2026-05-25 14:44:35
2025-09-12,GC=F,GOLD_USD,3649.39990234375,3655.5,3656.800048828125,3643.0,1300,2026-05-25 14:44:35
2025-09-12,BZ=F,BRENT_CRUDE,66.98999786376953,66.30999755859375,68.1500015258789,65.72000122070312,50762,2026-05-25 14:44:35
2025-09-12,^NSEI,NIFTY50,25114.0,25074.44921875,25139.44921875,25038.05078125,225700,2026-05-25 14:44:35
2025-09-15,BZ=F,BRENT_CRUDE,67.44000244140625,67.22000122070312,67.83999633789062,66.79000091552734,26320,2026-05-25 14:44:35
2025-09-15,NIFTYBEES.NS,NIFTY_BEES,283.1199951171875,282.010009765625,284.3900146484375,282.010009765625,4123724,2026-05-25 14:44:35
2025-09-15,GC=F,GOLD_USD,3682.199951171875,3640.0,3686.39990234375,3635.10009765625,210,2026-05-25 14:44:35
2025-09-15,^NSEI,NIFTY50,25069.19921875,25118.900390625,25138.44921875,25048.75,185400,2026-05-25 14:44:35
2025-09-15,GOLD,GOLD_INR,26.66172218322754,27.242180483409566,27.242180483409566,26.05174838631528,675600,2026-05-25 14:44:35
2025-09-15,USDINR=X,USDINR,88.27729797363281,88.27729797363281,88.2970962524414,88.1260986328125,0,2026-05-25 14:44:35
2025-09-16,BZ=F,BRENT_CRUDE,68.47000122070312,67.48999786376953,68.69000244140625,67.0,34128,2026-05-25 14:44:35
2025-09-16,NIFTYBEES.NS,NIFTY_BEES,284.8900146484375,283.6400146484375,285.1000061035156,282.80999755859375,4540948,2026-05-25 14:44:35
2025-09-16,^NSEI,NIFTY50,25239.099609375,25073.599609375,25261.400390625,25070.44921875,240100,2026-05-25 14:44:35
2025-09-16,USDINR=X,USDINR,88.12349700927734,88.12349700927734,88.15509796142578,87.97969818115234,0,2026-05-25 14:44:35
2025-09-16,GOLD,GOLD_INR,27.24217987060547,26.91751691988327,27.547165823950138,26.720750699111495,441200,2026-05-25 14:44:35
2025-09-16,GC=F,GOLD_USD,3688.89990234375,3681.39990234375,3698.60009765625,3681.39990234375,373,2026-05-25 14:44:35
2025-09-17,BZ=F,BRENT_CRUDE,67.94999694824219,68.41000366210938,68.58999633789062,67.62000274658203,30515,2026-05-25 14:44:35
2025-09-17,USDINR=X,USDINR,87.88459777832031,87.88459777832031,87.91310119628906,87.7157974243164,0,2026-05-25 14:44:35
2025-09-17,GC=F,GOLD_USD,3681.800048828125,3669.0,3685.199951171875,3661.60009765625,183,2026-05-25 14:44:35
2025-09-17,NIFTYBEES.NS,NIFTY_BEES,285.9800109863281,285.760009765625,286.19000244140625,284.8800048828125,3838093,2026-05-25 14:44:35
2025-09-17,GOLD,GOLD_INR,26.11077880859375,27.05525216527901,27.13887658943267,25.835306474643005,550500,2026-05-25 14:44:35
2025-09-17,^NSEI,NIFTY50,25330.25,25276.599609375,25346.5,25275.349609375,268900,2026-05-25 14:44:35
2025-09-18,^NSEI,NIFTY50,25423.599609375,25441.05078125,25448.94921875,25329.75,272200,2026-05-25 14:44:35
2025-09-18,BZ=F,BRENT_CRUDE,67.44000244140625,67.88999938964844,68.41000366210938,67.19000244140625,29610,2026-05-25 14:44:35
2025-09-18,GOLD,GOLD_INR,26.710912704467773,26.18948539963602,26.784700507775028,25.68773321605132,363600,2026-05-25 14:44:35
2025-09-18,GC=F,GOLD_USD,3643.699951171875,3654.60009765625,3667.39990234375,3637.0,80,2026-05-25 14:44:35
2025-09-18,USDINR=X,USDINR,87.91069793701172,87.91069793701172,88.28880310058594,87.80690002441406,0,2026-05-25 14:44:35
2025-09-18,NIFTYBEES.NS,NIFTY_BEES,286.70001220703125,286.9800109863281,287.5400085449219,285.010009765625,4222056,2026-05-25 14:44:35
2025-09-19,^NSEI,NIFTY50,25327.05078125,25410.19921875,25428.75,25286.30078125,380400,2026-05-25 14:44:35
2025-09-19,NIFTYBEES.NS,NIFTY_BEES,285.8999938964844,295.29998779296875,295.29998779296875,285.29998779296875,3726008,2026-05-25 14:44:35
2025-09-19,GOLD,GOLD_INR,26.396087646484375,26.710912097302398,26.82897220461003,26.130453812418516,941100,2026-05-25 14:44:35
2025-09-19,USDINR=X,USDINR,88.20690155029297,88.20690155029297,88.32949829101562,88.0625991821289,0,2026-05-25 14:44:35
2025-09-19,GC=F,GOLD_USD,3671.5,3659.0,3685.89990234375,3658.199951171875,211,2026-05-25 14:44:35
2025-09-19,BZ=F,BRENT_CRUDE,66.68000030517578,67.45999908447266,67.55999755859375,66.43000030517578,24400,2026-05-25 14:44:35
2025-09-22,GOLD,GOLD_INR,26.66172218322754,26.464955958029574,26.73550811030043,25.81759849236153,321300,2026-05-25 14:44:35
2025-09-22,NIFTYBEES.NS,NIFTY_BEES,284.489990234375,285.4800109863281,285.7900085449219,284.1099853515625,3043743,2026-05-25 14:44:35
2025-09-22,^NSEI,NIFTY50,25202.349609375,25238.099609375,25331.69921875,25151.05078125,254500,2026-05-25 14:44:35
2025-09-22,BZ=F,BRENT_CRUDE,66.56999969482422,66.66999816894531,67.30000305175781,65.94000244140625,23634,2026-05-25 14:44:35
2025-09-22,GC=F,GOLD_USD,3740.699951171875,3688.199951171875,3748.199951171875,3688.0,410,2026-05-25 14:44:35
2025-09-22,USDINR=X,USDINR,88.09919738769531,88.09919738769531,88.33670043945312,88.09919738769531,0,2026-05-25 14:44:35
2025-09-23,BZ=F,BRENT_CRUDE,67.62999725341797,66.58999633789062,68.08000183105469,66.12000274658203,27893,2026-05-25 14:44:35
2025-09-23,GOLD,GOLD_INR,26.602691650390625,26.710911379638098,27.413364777116175,26.455116051095686,395800,2026-05-25 14:44:35
2025-09-23,NIFTYBEES.NS,NIFTY_BEES,284.3500061035156,285.3900146484375,285.3900146484375,283.010009765625,4375351,2026-05-25 14:44:35
2025-09-23,GC=F,GOLD_USD,3780.60009765625,3747.0,3786.0,3740.0,627,2026-05-25 14:44:35
2025-09-23,^NSEI,NIFTY50,25169.5,25209.0,25261.900390625,25084.650390625,299200,2026-05-25 14:44:35
2025-09-23,USDINR=X,USDINR,88.30439758300781,88.30439758300781,88.80809783935547,88.23500061035156,0,2026-05-25 14:44:35
2025-09-24,NIFTYBEES.NS,NIFTY_BEES,282.8800048828125,282.010009765625,284.80999755859375,282.010009765625,4265674,2026-05-25 14:44:35
2025-09-24,USDINR=X,USDINR,88.80799865722656,88.80799865722656,88.9312973022461,88.67250061035156,0,2026-05-25 14:44:35
2025-09-24,GOLD,GOLD_INR,26.278026580810547,26.76010361460864,26.907677335984815,25.776276303431874,376600,2026-05-25 14:44:35
2025-09-24,^NSEI,NIFTY50,25056.900390625,25108.75,25149.849609375,25027.44921875,244400,2026-05-25 14:44:35
2025-09-24,BZ=F,BRENT_CRUDE,69.30999755859375,67.86000061035156,69.36000061035156,67.5199966430664,28459,2026-05-25 14:44:35
2025-09-24,GC=F,GOLD_USD,3732.10009765625,3769.800048828125,3772.5,3732.10009765625,588,2026-05-25 14:44:35
2025-09-25,NIFTYBEES.NS,NIFTY_BEES,281.239990234375,283.69000244140625,283.69000244140625,281.010009765625,3036126,2026-05-25 14:44:35
2025-09-25,GOLD,GOLD_INR,25.363069534301758,26.032070550125542,26.15996915533575,25.136787819661016,293800,2026-05-25 14:44:35
2025-09-25,^NSEI,NIFTY50,24890.849609375,25034.5,25092.69921875,24878.30078125,342500,2026-05-25 14:44:35
2025-09-25,USDINR=X,USDINR,88.77860260009766,88.77860260009766,88.80039978027344,88.59010314941406,0,2026-05-25 14:44:35
2025-09-25,BZ=F,BRENT_CRUDE,69.41999816894531,69.08999633789062,69.66999816894531,68.44000244140625,21388,2026-05-25 14:44:35
2025-09-25,GC=F,GOLD_USD,3736.89990234375,3742.800048828125,3756.0,3724.699951171875,1899,2026-05-25 14:44:35
2025-09-26,GOLD,GOLD_INR,26.218997955322266,25.549995071036086,26.563337895940354,25.33355373409126,392300,2026-05-25 14:44:35
2025-09-26,GC=F,GOLD_USD,3775.300048828125,3775.300048828125,3775.300048828125,3775.300048828125,19308,2026-05-25 14:44:35
2025-09-26,USDINR=X,USDINR,88.77310180664062,88.77310180664062,88.77909851074219,88.61430358886719,0,2026-05-25 14:44:35
2025-09-26,BZ=F,BRENT_CRUDE,70.12999725341797,69.69999694824219,70.7699966430664,69.11000061035156,11917,2026-05-25 14:44:35
2025-09-26,NIFTYBEES.NS,NIFTY_BEES,278.739990234375,281.69000244140625,281.69000244140625,278.489990234375,5597250,2026-05-25 14:44:35
2025-09-26,^NSEI,NIFTY50,24654.69921875,24818.55078125,24868.599609375,24629.44921875,291500,2026-05-25 14:44:35
2025-09-29,BZ=F,BRENT_CRUDE,67.97000122070312,69.47000122070312,69.93000030517578,67.55000305175781,8229,2026-05-25 14:44:35
2025-09-29,USDINR=X,USDINR,88.67680358886719,88.67680358886719,88.79399871826172,88.5875015258789,0,2026-05-25 14:44:35
2025-09-29,GC=F,GOLD_USD,3820.89990234375,3754.800048828125,3827.60009765625,3754.800048828125,8860,2026-05-25 14:44:35
2025-09-29,^NSEI,NIFTY50,24634.900390625,24728.55078125,24791.30078125,24606.19921875,394400,2026-05-25 14:44:35
2025-09-29,GOLD,GOLD_INR,26.34689712524414,26.632206081144112,26.632206081144112,25.923851064235656,331300,2026-05-25 14:44:35
2025-09-29,NIFTYBEES.NS,NIFTY_BEES,278.5400085449219,279.989990234375,280.25,278.19000244140625,4201038,2026-05-25 14:44:35
2025-09-30,GC=F,GOLD_USD,3840.800048828125,3827.5,3865.5,3793.39990234375,1611,2026-05-25 14:44:35
2025-09-30,BZ=F,BRENT_CRUDE,67.0199966430664,67.58999633789062,67.58999633789062,66.91000366210938,46335,2026-05-25 14:44:35
2025-09-30,USDINR=X,USDINR,88.70449829101562,88.70449829101562,88.87529754638672,88.64579772949219,0,2026-05-25 14:44:35
2025-09-30,NIFTYBEES.NS,NIFTY_BEES,277.5199890136719,279.989990234375,279.989990234375,277.25,9051079,2026-05-25 14:44:35
2025-09-30,^NSEI,NIFTY50,24611.099609375,24691.94921875,24731.80078125,24587.69921875,303000,2026-05-25 14:44:35
2025-09-30,GOLD,GOLD_INR,25.451614379882812,26.209160013530852,26.386249236838776,25.235171161839016,252200,2026-05-25 14:44:35
2025-10-01,BZ=F,BRENT_CRUDE,65.3499984741211,66.08999633789062,66.56999969482422,65.04000091552734,44601,2026-05-25 14:44:35
2025-10-01,USDINR=X,USDINR,88.8406982421875,88.8406982421875,88.8541030883789,88.6323013305664,0,2026-05-25 14:44:35
2025-10-01,NIFTYBEES.NS,NIFTY_BEES,280.510009765625,276.6600036621094,280.6300048828125,270.5799865722656,4924597,2026-05-25 14:44:35
2025-10-01,^NSEI,NIFTY50,24836.30078125,24620.55078125,24867.94921875,24605.94921875,308900,2026-05-25 14:44:35
2025-10-01,GOLD,GOLD_INR,26.10093879699707,25.38274344591563,26.150129411118343,25.37290682429269,267100,2026-05-25 14:44:35
2025-10-01,GC=F,GOLD_USD,3867.5,3863.5,3891.89990234375,3853.300048828125,1778,2026-05-25 14:44:35
2025-10-02,GC=F,GOLD_USD,3839.699951171875,3856.199951171875,3888.60009765625,3823.699951171875,3418,2026-05-25 14:44:35
2025-10-02,GOLD,GOLD_INR,26.01239585876465,26.15996958709522,26.15996958709522,25.254848343098818,248500,2026-05-25 14:44:35
2025-10-02,USDINR=X,USDINR,88.68299865722656,88.68299865722656,88.92150115966797,88.57060241699219,0,2026-05-25 14:44:35
2025-10-02,BZ=F,BRENT_CRUDE,64.11000061035156,65.4000015258789,66.12000274658203,64.0,52074,2026-05-25 14:44:35
2025-10-03,GOLD,GOLD_INR,26.258352279663086,25.943527830508174,26.76010444919188,25.823499273503757,300600,2026-05-25 14:44:35
2025-10-03,BZ=F,BRENT_CRUDE,64.52999877929688,64.30000305175781,65.0,64.20999908447266,38970,2026-05-25 14:44:35
2025-10-03,^NSEI,NIFTY50,24894.25,24759.55078125,24904.80078125,24747.55078125,365900,2026-05-25 14:44:35
2025-10-03,GC=F,GOLD_USD,3880.800048828125,3855.199951171875,3886.800048828125,3853.699951171875,392,2026-05-25 14:44:35
2025-10-03,NIFTYBEES.NS,NIFTY_BEES,281.1600036621094,280.8900146484375,281.30999755859375,279.0799865722656,4867050,2026-05-25 14:44:35
2025-10-03,USDINR=X,USDINR,88.72019958496094,88.72019958496094,88.7957992553711,88.6635971069336,0,2026-05-25 14:44:35
2025-10-06,BZ=F,BRENT_CRUDE,65.47000122070312,64.81999969482422,65.7699966430664,64.76000213623047,38055,2026-05-25 14:44:35
2025-10-06,NIFTYBEES.NS,NIFTY_BEES,283.07000732421875,281.5799865722656,283.20001220703125,280.70001220703125,5511685,2026-05-25 14:44:35
2025-10-06,GOLD,GOLD_INR,25.34339141845703,26.691233765705753,26.691233765705753,25.33355292029808,271800,2026-05-25 14:44:35
2025-10-06,^NSEI,NIFTY50,25077.650390625,24916.55078125,25095.94921875,24881.650390625,268800,2026-05-25 14:44:35
2025-10-06,GC=F,GOLD_USD,3948.5,3931.300048828125,3960.0,3926.800048828125,1267,2026-05-25 14:44:35
2025-10-06,USDINR=X,USDINR,88.73509979248047,88.73509979248047,88.87969970703125,88.69200134277344,0,2026-05-25 14:44:35
2025-10-07,BZ=F,BRENT_CRUDE,65.44999694824219,65.54000091552734,65.83000183105469,64.5199966430664,36191,2026-05-25 14:44:35
2025-10-07,NIFTYBEES.NS,NIFTY_BEES,283.4100036621094,283.489990234375,284.5,282.6400146484375,6204149,2026-05-25 14:44:35
2025-10-07,^NSEI,NIFTY50,25108.30078125,25085.30078125,25220.900390625,25076.30078125,288000,2026-05-25 14:44:35
2025-10-07,GOLD,GOLD_INR,25.166303634643555,25.343392858564314,25.581479648635717,24.99905290944081,178700,2026-05-25 14:44:35
2025-10-07,GC=F,GOLD_USD,3976.60009765625,3959.39990234375,3981.5,3940.0,2903,2026-05-25 14:44:35
2025-10-07,USDINR=X,USDINR,88.72109985351562,88.72109985351562,88.77249908447266,88.68180084228516,0,2026-05-25 14:44:35
2025-10-08,^NSEI,NIFTY50,25046.150390625,25079.75,25192.5,25008.5,227400,2026-05-25 14:44:35
2025-10-08,GOLD,GOLD_INR,26.789615631103516,25.36306724109837,26.81913112421455,25.25484564285948,447900,2026-05-25 14:44:35
2025-10-08,BZ=F,BRENT_CRUDE,66.25,65.80999755859375,66.52999877929688,65.77999877929688,38630,2026-05-25 14:44:35
2025-10-08,USDINR=X,USDINR,88.74259948730469,88.74259948730469,88.91950225830078,88.71910095214844,0,2026-05-25 14:44:35
2025-10-08,NIFTYBEES.NS,NIFTY_BEES,282.3800048828125,283.75,284.17999267578125,282.010009765625,5658365,2026-05-25 14:44:35
2025-10-08,GC=F,GOLD_USD,4043.300048828125,3987.199951171875,4049.199951171875,3987.199951171875,2179,2026-05-25 14:44:35
2025-10-09,^NSEI,NIFTY50,25181.80078125,25074.30078125,25199.25,25024.30078125,286300,2026-05-25 14:44:35
2025-10-09,GOLD,GOLD_INR,26.828969955444336,27.311045089908117,28.521152174980568,26.691232862382122,765600,2026-05-25 14:44:35
2025-10-09,BZ=F,BRENT_CRUDE,65.22000122070312,66.08999633789062,66.55999755859375,64.95999908447266,40845,2026-05-25 14:44:35
2025-10-09,GC=F,GOLD_USD,3946.300048828125,4011.199951171875,4046.199951171875,3940.0,3130,2026-05-25 14:44:35
2025-10-09,USDINR=X,USDINR,88.7771987915039,88.7771987915039,88.86080169677734,88.70439910888672,0,2026-05-25 14:44:35
2025-10-09,NIFTYBEES.NS,NIFTY_BEES,284.04998779296875,282.8800048828125,284.239990234375,282.239990234375,3985452,2026-05-25 14:44:35
2025-10-10,NIFTYBEES.NS,NIFTY_BEES,285.5199890136719,284.7799987792969,285.95001220703125,282.010009765625,3912389,2026-05-25 14:44:35
2025-10-10,^NSEI,NIFTY50,25285.349609375,25167.650390625,25330.75,25156.849609375,232900,2026-05-25 14:44:35
2025-10-10,GOLD,GOLD_INR,26.03207015991211,26.68139792181967,26.691234543763713,25.441775265180755,485600,2026-05-25 14:44:35
2025-10-10,GC=F,GOLD_USD,3975.89990234375,3957.0,4012.0,3945.5,1697,2026-05-25 14:44:35
2025-10-10,USDINR=X,USDINR,88.86540222167969,88.86540222167969,88.8656005859375,88.4928970336914,0,2026-05-25 14:44:35
2025-10-10,BZ=F,BRENT_CRUDE,62.72999954223633,65.16999816894531,65.3499984741211,62.130001068115234,54929,2026-05-25 14:44:35
2025-10-13,^NSEI,NIFTY50,25227.349609375,25177.30078125,25267.30078125,25152.30078125,234300,2026-05-25 14:44:35
2025-10-13,GOLD,GOLD_INR,27.055252075195312,26.37641067952447,27.65046717048919,26.12061534381514,382700,2026-05-25 14:44:35
2025-10-13,NIFTYBEES.NS,NIFTY_BEES,284.6400146484375,285.1499938964844,285.1499938964844,283.69000244140625,3939547,2026-05-25 14:44:35
2025-10-13,GC=F,GOLD_USD,4108.60009765625,4016.0,4111.0,4016.0,1697,2026-05-25 14:44:35
2025-10-13,USDINR=X,USDINR,88.7573013305664,88.7573013305664,88.80269622802734,88.56159973144531,0,2026-05-25 14:44:35
2025-10-13,BZ=F,BRENT_CRUDE,63.31999969482422,62.66999816894531,63.95000076293945,62.66999816894531,35368,2026-05-25 14:44:35
2025-10-14,NIFTYBEES.NS,NIFTY_BEES,283.69000244140625,286.3900146484375,286.3900146484375,282.9200134277344,4983304,2026-05-25 14:44:35
2025-10-14,BZ=F,BRENT_CRUDE,62.38999938964844,63.439998626708984,63.619998931884766,61.5,44016,2026-05-25 14:44:35
2025-10-14,^NSEI,NIFTY50,25145.5,25277.55078125,25310.349609375,25060.55078125,292100,2026-05-25 14:44:35
2025-10-14,USDINR=X,USDINR,88.66510009765625,88.66510009765625,88.81790161132812,88.60079956054688,0,2026-05-25 14:44:35
2025-10-14,GC=F,GOLD_USD,4138.7001953125,4131.7001953125,4160.10009765625,4085.800048828125,2424,2026-05-25 14:44:35
2025-10-14,GOLD,GOLD_INR,27.26185417175293,26.415763951479338,27.40942977114523,26.32820262933342,386500,2026-05-25 14:44:35
2025-10-15,^NSEI,NIFTY50,25323.55078125,25181.94921875,25365.150390625,25159.349609375,289900,2026-05-25 14:44:35
2025-10-15,GC=F,GOLD_USD,4176.89990234375,4145.0,4210.60009765625,4145.0,3287,2026-05-25 14:44:35
2025-10-15,USDINR=X,USDINR,88.78250122070312,88.78250122070312,88.78269958496094,87.95980072021484,0,2026-05-25 14:44:35
2025-10-15,GOLD,GOLD_INR,27.497974395751953,27.743931226209476,28.442447723988032,27.320885177582262,346000,2026-05-25 14:44:35
2025-10-15,NIFTYBEES.NS,NIFTY_BEES,286.07000732421875,284.2799987792969,286.45001220703125,283.7300109863281,5644935,2026-05-25 14:44:35
2025-10-15,BZ=F,BRENT_CRUDE,61.90999984741211,62.279998779296875,63.02000045776367,61.790000915527344,40209,2026-05-25 14:44:35
2025-10-16,^NSEI,NIFTY50,25585.30078125,25394.900390625,25625.400390625,25376.849609375,372800,2026-05-25 14:44:35
2025-10-16,USDINR=X,USDINR,87.80950164794922,87.80950164794922,88.00150299072266,87.53189849853516,0,2026-05-25 14:44:35
2025-10-16,NIFTYBEES.NS,NIFTY_BEES,288.70001220703125,277.489990234375,289.0,277.489990234375,8482862,2026-05-25 14:44:35
2025-10-16,BZ=F,BRENT_CRUDE,61.060001373291016,62.439998626708984,62.75,60.84000015258789,46229,2026-05-25 14:44:35
2025-10-16,GOLD,GOLD_INR,29.21967124938965,27.65538570893031,29.308215855566715,27.65538570893031,799200,2026-05-25 14:44:35
2025-10-16,GC=F,GOLD_USD,4280.2001953125,4198.7998046875,4307.0,4196.60009765625,4705,2026-05-25 14:44:35
2025-10-17,^NSEI,NIFTY50,25709.849609375,25546.849609375,25781.5,25508.599609375,422100,2026-05-25 14:44:35
2025-10-17,GOLD,GOLD_INR,27.02573585510254,28.70808155121104,29.00322899715907,26.966706741213272,446600,2026-05-25 14:44:35
2025-10-17,USDINR=X,USDINR,87.9906997680664,87.9906997680664,88.09400177001953,87.689697265625,0,2026-05-25 14:44:35
2025-10-17,BZ=F,BRENT_CRUDE,61.290000915527344,61.11000061035156,61.45000076293945,60.150001525878906,50372,2026-05-25 14:44:35
2025-10-17,NIFTYBEES.NS,NIFTY_BEES,290.1700134277344,288.69000244140625,290.95001220703125,287.8599853515625,10588073,2026-05-25 14:44:35
2025-10-17,GC=F,GOLD_USD,4189.89990234375,4354.7001953125,4358.0,4182.2001953125,4060,2026-05-25 14:44:35
2025-10-20,BZ=F,BRENT_CRUDE,61.0099983215332,61.43000030517578,61.54999923706055,60.06999969482422,33883,2026-05-25 14:44:35
2025-10-20,GOLD,GOLD_INR,28.098108291625977,27.153634946395666,28.10794679020151,27.084767332868672,272300,2026-05-25 14:44:35
2025-10-20,^NSEI,NIFTY50,25843.150390625,25824.599609375,25926.19921875,25788.5,301100,2026-05-25 14:44:35
2025-10-20,NIFTYBEES.NS,NIFTY_BEES,291.8599853515625,292.489990234375,292.5400085449219,289.010009765625,7601294,2026-05-25 14:44:35
2025-10-20,GC=F,GOLD_USD,4336.39990234375,4244.10009765625,4356.60009765625,4214.60009765625,1750,2026-05-25 14:44:35
2025-10-20,USDINR=X,USDINR,88.0022964477539,88.0022964477539,88.01129913330078,87.49960327148438,0,2026-05-25 14:44:35
2025-10-21,BZ=F,BRENT_CRUDE,61.31999969482422,60.90999984741211,62.09000015258789,60.34000015258789,45150,2026-05-25 14:44:35
2025-10-21,GOLD,GOLD_INR,26.681398391723633,27.842313081242192,27.842313081242192,26.159969223925877,362300,2026-05-25 14:44:35
2025-10-21,NIFTYBEES.NS,NIFTY_BEES,291.8699951171875,292.9200134277344,292.9200134277344,291.489990234375,1818933,2026-05-25 14:44:35
2025-10-21,^NSEI,NIFTY50,25868.599609375,25901.19921875,25934.349609375,25825.80078125,42500,2026-05-25 14:44:35
2025-10-21,USDINR=X,USDINR,87.87999725341797,87.87999725341797,88.08360290527344,87.84190368652344,0,2026-05-25 14:44:35
2025-10-21,GC=F,GOLD_USD,4087.699951171875,4332.7001953125,4332.7001953125,4087.699951171875,2943,2026-05-25 14:44:35
2025-10-22,BZ=F,BRENT_CRUDE,62.59000015258789,61.619998931884766,63.91999816894531,61.400001525878906,46114,2026-05-25 14:44:35
2025-10-22,USDINR=X,USDINR,88.00160217285156,88.00160217285156,87.99810028076172,87.61039733886719,0,2026-05-25 14:44:35
2025-10-22,GOLD,GOLD_INR,26.54366111755371,26.29770428315866,26.715832027531285,26.012395331041294,230400,2026-05-25 14:44:35
2025-10-22,GC=F,GOLD_USD,4044.39990234375,4109.7001953125,4148.5,4006.0,1237,2026-05-25 14:44:35
2025-10-23,NIFTYBEES.NS,NIFTY_BEES,292.3900146484375,293.1300048828125,295.3800048828125,291.8800048828125,8327299,2026-05-25 14:44:35
2025-10-23,BZ=F,BRENT_CRUDE,65.98999786376953,64.25,66.33999633789062,63.849998474121094,87705,2026-05-25 14:44:35
2025-10-23,USDINR=X,USDINR,87.74030303955078,87.74030303955078,88.03109741210938,87.71610260009766,0,2026-05-25 14:44:35
2025-10-23,GC=F,GOLD_USD,4125.5,4078.39990234375,4136.7998046875,4070.699951171875,354,2026-05-25 14:44:35
2025-10-23,^NSEI,NIFTY50,25891.400390625,26057.19921875,26104.19921875,25862.44921875,448400,2026-05-25 14:44:35
2025-10-23,GOLD,GOLD_INR,26.888002395629883,26.937193014349848,27.10936393287336,26.57317793221775,160600,2026-05-25 14:44:35
2025-10-24,USDINR=X,USDINR,87.77899932861328,87.77899932861328,87.8582992553711,87.63600158691406,0,2026-05-25 14:44:35
2025-10-24,GC=F,GOLD_USD,4118.39990234375,4117.5,4120.60009765625,4074.89990234375,123,2026-05-25 14:44:35
2025-10-24,BZ=F,BRENT_CRUDE,65.94000244140625,65.87000274658203,66.7699966430664,65.44000244140625,38354,2026-05-25 14:44:35
2025-10-24,GOLD,GOLD_INR,27.57668113708496,26.907678242700904,27.59635625783022,26.779779637097146,181200,2026-05-25 14:44:35
2025-10-24,^NSEI,NIFTY50,25795.150390625,25935.099609375,25944.150390625,25718.19921875,284900,2026-05-25 14:44:35
2025-10-27,GC=F,GOLD_USD,4001.89990234375,4060.0,4078.60009765625,3971.300048828125,220,2026-05-25 14:44:35
2025-10-27,BZ=F,BRENT_CRUDE,65.62000274658203,66.26000213623047,66.5999984741211,65.08000183105469,32237,2026-05-25 14:44:35
2025-10-27,USDINR=X,USDINR,87.8290023803711,87.8290023803711,88.31719970703125,87.70939636230469,0,2026-05-25 14:44:35
2025-10-27,^NSEI,NIFTY50,25966.05078125,25843.19921875,26005.94921875,25827.0,266300,2026-05-25 14:44:35
2025-10-27,NIFTYBEES.NS,NIFTY_BEES,293.3500061035156,294.17999267578125,294.3299865722656,290.010009765625,6459908,2026-05-25 14:44:35
2025-10-27,GOLD,GOLD_INR,27.320884704589844,27.891504466312387,28.221085712698784,27.084766376618617,328300,2026-05-25 14:44:35
2025-10-28,GC=F,GOLD_USD,3966.199951171875,3929.699951171875,3966.199951171875,3923.60009765625,219,2026-05-25 14:44:35
2025-10-28,NIFTYBEES.NS,NIFTY_BEES,293.1000061035156,294.989990234375,294.989990234375,292.0,5695772,2026-05-25 14:44:35
2025-10-28,BZ=F,BRENT_CRUDE,64.4000015258789,65.79000091552734,65.79000091552734,64.0,33807,2026-05-25 14:44:35
2025-10-28,^NSEI,NIFTY50,25936.19921875,25939.94921875,26041.69921875,25810.05078125,395200,2026-05-25 14:44:35
2025-10-28,USDINR=X,USDINR,88.22209930419922,88.22209930419922,88.41649627685547,88.15979766845703,0,2026-05-25 14:44:35
2025-10-28,GOLD,GOLD_INR,27.07493019104004,27.114282310812406,27.861991351505576,27.055253192902946,205300,2026-05-25 14:44:35
2025-10-29,^NSEI,NIFTY50,26053.900390625,25982.0,26097.849609375,25960.30078125,321900,2026-05-25 14:44:35
2025-10-29,USDINR=X,USDINR,88.22550201416016,88.22550201416016,88.45020294189453,88.13819885253906,0,2026-05-25 14:44:35
2025-10-29,NIFTYBEES.NS,NIFTY_BEES,294.5,291.010009765625,294.8999938964844,291.010009765625,5829864,2026-05-25 14:44:35
2025-10-29,GC=F,GOLD_USD,3983.699951171875,3983.699951171875,3983.699951171875,3983.699951171875,1344,2026-05-25 14:44:35
2025-10-29,GOLD,GOLD_INR,26.681398391723633,27.271693296851065,27.389753403777597,26.445278177870573,230600,2026-05-25 14:44:35
2025-10-29,BZ=F,BRENT_CRUDE,64.91999816894531,64.48999786376953,65.37999725341797,63.93000030517578,16478,2026-05-25 14:44:35
2025-10-30,GC=F,GOLD_USD,4001.300048828125,3960.0,4027.199951171875,3913.699951171875,935,2026-05-25 14:44:35
2025-10-30,^NSEI,NIFTY50,25877.849609375,25984.400390625,26032.05078125,25845.25,257400,2026-05-25 14:44:35
2025-10-30,NIFTYBEES.NS,NIFTY_BEES,292.5799865722656,294.989990234375,294.989990234375,291.9100036621094,4522400,2026-05-25 14:44:35
2025-10-30,USDINR=X,USDINR,88.34559631347656,88.34559631347656,88.7511978149414,88.29679870605469,0,2026-05-25 14:44:35
2025-10-30,BZ=F,BRENT_CRUDE,65.0,64.8499984741211,65.16000366210938,64.05999755859375,10024,2026-05-25 14:44:35
2025-10-30,GOLD,GOLD_INR,26.37640953063965,26.455115640006465,26.656800162540296,26.12061420607207,177900,2026-05-25 14:44:35
2025-10-31,USDINR=X,USDINR,88.6344985961914,88.6344985961914,88.9115982055664,88.5636978149414,0,2026-05-25 14:44:35
2025-10-31,^NSEI,NIFTY50,25722.099609375,25863.80078125,25953.75,25711.19921875,334400,2026-05-25 14:44:35
2025-10-31,NIFTYBEES.NS,NIFTY_BEES,291.0799865722656,295.0,295.0,290.8999938964844,4443200,2026-05-25 14:44:35
2025-10-31,BZ=F,BRENT_CRUDE,65.06999969482422,64.75,65.5,64.5199966430664,44972,2026-05-25 14:44:35
2025-10-31,GOLD,GOLD_INR,26.150129318237305,26.346895527026803,26.405924639063,25.864820379644332,112800,2026-05-25 14:44:35
2025-10-31,GC=F,GOLD_USD,3982.199951171875,4034.5,4034.5,3976.60009765625,559,2026-05-25 14:44:35
2025-11-03,BZ=F,BRENT_CRUDE,64.88999938964844,65.06999969482422,65.30999755859375,64.33000183105469,0,2026-05-25 14:44:35
2025-11-03,GC=F,GOLD_USD,4000.300048828125,3976.199951171875,4020.0,3959.0,0,2026-05-25 14:44:35
2025-11-03,^NSEI,NIFTY50,25763.349609375,25696.849609375,25803.099609375,25645.5,23300,2026-05-25 14:44:35
2025-11-03,USDINR=X,USDINR,88.77539825439453,88.77539825439453,88.91500091552734,88.68930053710938,0,2026-05-25 14:44:35
2025-11-03,GOLD,GOLD_INR,25.923851013183594,26.041909244184968,26.45511680569327,25.69265098576176,173100,2026-05-25 14:44:35
2025-11-03,NIFTYBEES.NS,NIFTY_BEES,291.3500061035156,292.7900085449219,292.7900085449219,290.04998779296875,6786625,2026-05-25 14:44:35
2025-11-04,GC=F,GOLD_USD,3947.699951171875,3994.199951171875,3995.39990234375,3927.39990234375,657,2026-05-25 14:44:35
2025-11-04,USDINR=X,USDINR,88.72339630126953,88.72339630126953,88.77449798583984,88.30650329589844,0,2026-05-25 14:44:35
2025-11-04,NIFTYBEES.NS,NIFTY_BEES,289.5899963378906,291.5400085449219,291.6400146484375,289.5,5283417,2026-05-25 14:44:35
2025-11-04,BZ=F,BRENT_CRUDE,64.44000244140625,64.81999969482422,64.83999633789062,63.83000183105469,36655,2026-05-25 14:44:35
2025-11-04,^NSEI,NIFTY50,25597.650390625,25744.75,25787.400390625,25578.400390625,305100,2026-05-25 14:44:35
2025-11-04,GOLD,GOLD_INR,24.330049514770508,25.579510679070115,25.579510679070115,24.17263729148098,315800,2026-05-25 14:44:35
2025-11-05,GOLD,GOLD_INR,24.438270568847656,24.566167293687506,24.74325651000551,23.729915580077318,507700,2026-05-25 14:44:35
2025-11-05,GC=F,GOLD_USD,3980.300048828125,3929.89990234375,3983.5,3929.89990234375,559,2026-05-25 14:44:35
2025-11-05,BZ=F,BRENT_CRUDE,63.52000045776367,64.26000213623047,64.94000244140625,63.43000030517578,42320,2026-05-25 14:44:35
2025-11-05,USDINR=X,USDINR,88.73200225830078,88.73200225830078,88.78450012207031,88.54920196533203,0,2026-05-25 14:44:35
2025-11-06,BZ=F,BRENT_CRUDE,63.380001068115234,63.58000183105469,64.33000183105469,62.83000183105469,43138,2026-05-25 14:44:35
2025-11-06,GOLD,GOLD_INR,24.585845947265625,24.694067559309588,24.880995286521397,23.720078680419324,412600,2026-05-25 14:44:35
2025-11-06,GC=F,GOLD_USD,3979.89990234375,4004.0,4007.5,3979.89990234375,650,2026-05-25 14:44:35
2025-11-06,USDINR=X,USDINR,88.55690002441406,88.55690002441406,88.68170166015625,88.4114990234375,0,2026-05-25 14:44:35
2025-11-06,NIFTYBEES.NS,NIFTY_BEES,288.239990234375,290.3999938964844,290.3999938964844,287.9800109863281,6869446,2026-05-25 14:44:35
2025-11-06,^NSEI,NIFTY50,25509.69921875,25593.349609375,25679.150390625,25491.55078125,371900,2026-05-25 14:44:35
2025-11-07,USDINR=X,USDINR,88.6729965209961,88.6729965209961,88.72039794921875,88.6001968383789,0,2026-05-25 14:44:35
2025-11-07,GC=F,GOLD_USD,3999.39990234375,3980.800048828125,3999.39990234375,3980.800048828125,245,2026-05-25 14:44:35
2025-11-07,^NSEI,NIFTY50,25492.30078125,25433.80078125,25551.25,25318.44921875,305600,2026-05-25 14:44:35
2025-11-07,BZ=F,BRENT_CRUDE,63.630001068115234,63.63999938964844,64.37999725341797,63.2400016784668,36620,2026-05-25 14:44:35
2025-11-07,GOLD,GOLD_INR,24.88099479675293,23.90700406053332,26.43544194809581,22.628029245106283,565200,2026-05-25 14:44:35
2025-11-07,NIFTYBEES.NS,NIFTY_BEES,288.44000244140625,288.239990234375,289.1600036621094,286.3500061035156,5882266,2026-05-25 14:44:35
2025-11-10,GOLD,GOLD_INR,26.671558380126953,25.628700103688892,27.035573425872876,25.48112638577834,353700,2026-05-25 14:44:35
2025-11-10,USDINR=X,USDINR,88.65799713134766,88.65799713134766,88.74230194091797,88.51419830322266,0,2026-05-25 14:44:35
2025-11-10,NIFTYBEES.NS,NIFTY_BEES,289.489990234375,289.8900146484375,290.29998779296875,288.1300048828125,4884041,2026-05-25 14:44:35
2025-11-10,BZ=F,BRENT_CRUDE,64.05999755859375,63.689998626708984,64.30999755859375,63.33000183105469,30891,2026-05-25 14:44:35
2025-11-10,^NSEI,NIFTY50,25574.349609375,25503.5,25653.44921875,25503.5,243600,2026-05-25 14:44:35
2025-11-10,GC=F,GOLD_USD,4111.7998046875,4060.0,4111.7998046875,4060.0,189,2026-05-25 14:44:35
2025-11-11,GC=F,GOLD_USD,4106.7998046875,4140.10009765625,4140.10009765625,4106.7998046875,569,2026-05-25 14:44:35
2025-11-11,BZ=F,BRENT_CRUDE,65.16000366210938,63.970001220703125,65.29000091552734,63.61000061035156,41959,2026-05-25 14:44:35
2025-11-11,NIFTYBEES.NS,NIFTY_BEES,290.82000732421875,287.010009765625,291.0799865722656,287.010009765625,3812506,2026-05-25 14:44:35
2025-11-11,USDINR=X,USDINR,88.70709991455078,88.70709991455078,88.71649932861328,88.41960144042969,0,2026-05-25 14:44:35
2025-11-11,GOLD,GOLD_INR,25.5893497467041,26.474793991525683,26.474793991525683,24.991182909600134,288400,2026-05-25 14:44:35
2025-11-11,^NSEI,NIFTY50,25694.94921875,25617.0,25715.80078125,25449.25,297700,2026-05-25 14:44:35
2025-11-12,NIFTYBEES.NS,NIFTY_BEES,292.7200012207031,292.2900085449219,293.1000061035156,291.54998779296875,4219988,2026-05-25 14:44:35
2025-11-12,USDINR=X,USDINR,88.46649932861328,88.46649932861328,88.65370178222656,88.46649932861328,0,2026-05-25 14:44:35
2025-11-12,GOLD,GOLD_INR,25.86482048034668,25.66805427079109,26.07142331152857,25.50572186643248,260100,2026-05-25 14:44:35
2025-11-12,GC=F,GOLD_USD,4204.39990234375,4115.60009765625,4204.39990234375,4102.89990234375,396,2026-05-25 14:44:35
2025-11-12,BZ=F,BRENT_CRUDE,62.709999084472656,65.20999908447266,65.20999908447266,62.560001373291016,42279,2026-05-25 14:44:35
2025-11-12,^NSEI,NIFTY50,25875.80078125,25834.30078125,25934.55078125,25781.150390625,312600,2026-05-25 14:44:35
2025-11-13,GC=F,GOLD_USD,4186.89990234375,4228.7001953125,4228.7001953125,4163.7001953125,167,2026-05-25 14:44:35
2025-11-13,NIFTYBEES.NS,NIFTY_BEES,292.3900146484375,293.2099914550781,293.75,291.75,5561716,2026-05-25 14:44:35
2025-11-13,USDINR=X,USDINR,88.59400177001953,88.59390258789062,88.79910278320312,88.58209991455078,0,2026-05-25 14:44:35
2025-11-13,^NSEI,NIFTY50,25879.150390625,25906.099609375,26010.69921875,25808.400390625,385200,2026-05-25 14:44:35
2025-11-13,GOLD,GOLD_INR,25.018728256225586,25.746760224809808,26.159967761195624,24.871154538195288,492400,2026-05-25 14:44:35
2025-11-13,BZ=F,BRENT_CRUDE,63.0099983215332,62.66999816894531,63.439998626708984,62.34000015258789,36603,2026-05-25 14:44:35
2025-11-14,USDINR=X,USDINR,88.81610107421875,88.81620025634766,88.81620025634766,88.63249969482422,0,2026-05-25 14:44:35
2025-11-14,BZ=F,BRENT_CRUDE,64.38999938964844,63.04999923706055,64.8499984741211,63.04999923706055,58912,2026-05-25 14:44:35
2025-11-14,^NSEI,NIFTY50,25910.05078125,25767.900390625,25940.19921875,25740.80078125,518900,2026-05-25 14:44:35
2025-11-14,GC=F,GOLD_USD,4087.60009765625,4197.7001953125,4197.89990234375,4047.0,483,2026-05-25 14:44:35
2025-11-14,NIFTYBEES.NS,NIFTY_BEES,292.8299865722656,290.8399963378906,293.25,290.8399963378906,4717609,2026-05-25 14:44:35
2025-11-14,GOLD,GOLD_INR,24.83180046081543,24.44810841995133,24.989212676375146,24.103768494726342,486500,2026-05-25 14:44:35
2025-11-17,GC=F,GOLD_USD,4068.300048828125,4070.0,4099.5,4019.39990234375,1552,2026-05-25 14:44:35
2025-11-17,GOLD,GOLD_INR,24.96953582763672,24.821962109241436,25.530318959941418,24.497299178171154,384400,2026-05-25 14:44:35
2025-11-17,NIFTYBEES.NS,NIFTY_BEES,293.9700012207031,301.6099853515625,301.6099853515625,292.739990234375,4615578,2026-05-25 14:44:35
2025-11-17,^NSEI,NIFTY50,26013.44921875,25948.19921875,26024.19921875,25906.349609375,281800,2026-05-25 14:44:35
2025-11-17,USDINR=X,USDINR,88.68199920654297,88.68199920654297,88.74349975585938,88.56430053710938,0,2026-05-25 14:44:35
2025-11-17,BZ=F,BRENT_CRUDE,64.19999694824219,64.0199966430664,64.72000122070312,63.65999984741211,33667,2026-05-25 14:44:35
2025-11-18,^NSEI,NIFTY50,25910.05078125,26021.80078125,26029.849609375,25876.5,280000,2026-05-25 14:44:35
2025-11-18,NIFTYBEES.NS,NIFTY_BEES,292.9700012207031,294.8900146484375,294.8900146484375,292.5,3969744,2026-05-25 14:44:35
2025-11-18,BZ=F,BRENT_CRUDE,64.88999938964844,64.0,65.08000183105469,63.61000061035156,36791,2026-05-25 14:44:35
2025-11-18,USDINR=X,USDINR,88.63590240478516,88.63590240478516,88.69400024414062,88.53569793701172,0,2026-05-25 14:44:35
2025-11-18,GC=F,GOLD_USD,4061.300048828125,4037.39990234375,4063.39990234375,4035.60009765625,1375,2026-05-25 14:44:35
2025-11-18,GOLD,GOLD_INR,25.205656051635742,24.68422691123306,25.30403727965369,24.379240976073806,320100,2026-05-25 14:44:35
2025-11-19,GC=F,GOLD_USD,4077.699951171875,4086.10009765625,4122.7001953125,4072.0,486,2026-05-25 14:44:35
2025-11-19,NIFTYBEES.NS,NIFTY_BEES,294.3699951171875,292.9700012207031,294.54998779296875,292.3999938964844,4475990,2026-05-25 14:44:35
2025-11-19,USDINR=X,USDINR,88.55680084228516,88.55699920654297,88.6082992553711,88.40899658203125,0,2026-05-25 14:44:35
2025-11-19,^NSEI,NIFTY50,26052.650390625,25918.099609375,26074.650390625,25856.19921875,250100,2026-05-25 14:44:35
2025-11-19,BZ=F,BRENT_CRUDE,63.5099983215332,64.7300033569336,64.86000061035156,62.869998931884766,38776,2026-05-25 14:44:35
2025-11-19,GOLD,GOLD_INR,25.50312614440918,25.493210238287283,26.078235460619112,24.828861549511718,616500,2026-05-25 14:44:35
2025-11-20,NIFTYBEES.NS,NIFTY_BEES,295.6400146484375,293.19000244140625,296.3699951171875,292.32000732421875,7504990,2026-05-25 14:44:35
2025-11-20,^NSEI,NIFTY50,26192.150390625,26132.099609375,26246.650390625,26063.19921875,240400,2026-05-25 14:44:35
2025-11-20,GC=F,GOLD_USD,4056.5,4045.0,4090.39990234375,4040.199951171875,202,2026-05-25 14:44:35
2025-11-20,USDINR=X,USDINR,88.48719787597656,88.48729705810547,88.73829650878906,88.4635009765625,0,2026-05-25 14:44:35
2025-11-20,BZ=F,BRENT_CRUDE,63.380001068115234,63.59000015258789,64.38999938964844,62.95000076293945,42345,2026-05-25 14:44:35
2025-11-20,GOLD,GOLD_INR,25.641948699951172,25.74110398544873,27.079721143590035,25.59236916593655,541200,2026-05-25 14:44:35
2025-11-21,BZ=F,BRENT_CRUDE,62.560001373291016,63.130001068115234,63.13999938964844,61.869998931884766,43029,2026-05-25 14:44:35
2025-11-21,^NSEI,NIFTY50,26068.150390625,26109.55078125,26179.19921875,26052.19921875,235600,2026-05-25 14:44:35
2025-11-21,GOLD,GOLD_INR,26.217056274414062,25.58245152100428,26.871490948816565,25.26812505089758,307100,2026-05-25 14:44:35
2025-11-21,USDINR=X,USDINR,88.69219970703125,88.69229888916016,89.72579956054688,88.60279846191406,0,2026-05-25 14:44:35
2025-11-21,NIFTYBEES.NS,NIFTY_BEES,294.32000732421875,295.8900146484375,295.8900146484375,294.1000061035156,4539993,2026-05-25 14:44:35
2025-11-21,GC=F,GOLD_USD,4076.699951171875,4031.800048828125,4085.199951171875,4031.800048828125,171,2026-05-25 14:44:35
2025-11-24,USDINR=X,USDINR,89.63400268554688,89.63400268554688,89.64129638671875,89.01580047607422,0,2026-05-25 14:44:35
2025-11-24,NIFTYBEES.NS,NIFTY_BEES,293.29998779296875,295.1199951171875,295.44000244140625,292.7200012207031,4923046,2026-05-25 14:44:35
2025-11-24,^NSEI,NIFTY50,25959.5,26122.80078125,26142.80078125,25912.150390625,464700,2026-05-25 14:44:35
2025-11-24,GOLD,GOLD_INR,25.820430755615234,26.217057563964342,26.25671929916635,25.612200499190823,242900,2026-05-25 14:44:35
2025-11-24,GC=F,GOLD_USD,4091.89990234375,4060.5,4091.89990234375,4060.5,591,2026-05-25 14:44:35
2025-11-24,BZ=F,BRENT_CRUDE,63.369998931884766,62.560001373291016,63.529998779296875,61.93000030517578,30888,2026-05-25 14:44:35
2025-11-25,GC=F,GOLD_USD,4139.2001953125,4139.2001953125,4139.2001953125,4139.2001953125,132704,2026-05-25 14:44:35
2025-11-25,USDINR=X,USDINR,89.14779663085938,89.14779663085938,89.26200103759766,88.96649932861328,0,2026-05-25 14:44:35
2025-11-25,GOLD,GOLD_INR,26.345958709716797,26.048489097246936,26.375706427470053,25.810513029017912,181700,2026-05-25 14:44:35
2025-11-25,BZ=F,BRENT_CRUDE,62.47999954223633,63.40999984741211,63.40999984741211,61.61000061035156,26580,2026-05-25 14:44:35
2025-11-25,NIFTYBEES.NS,NIFTY_BEES,292.67999267578125,294.2200012207031,294.2799987792969,292.25,5056637,2026-05-25 14:44:35
2025-11-25,^NSEI,NIFTY50,25884.80078125,25998.5,26032.599609375,25857.5,260500,2026-05-25 14:44:35
2025-11-26,BZ=F,BRENT_CRUDE,63.130001068115234,62.599998474121094,63.20000076293945,62.119998931884766,21288,2026-05-25 14:44:35
2025-11-26,GOLD,GOLD_INR,27.040056228637695,26.34595796416248,27.13921339374353,26.27654851596808,195600,2026-05-25 14:44:35
2025-11-26,USDINR=X,USDINR,89.15059661865234,89.1532974243164,89.28790283203125,89.1532974243164,0,2026-05-25 14:44:35
2025-11-26,NIFTYBEES.NS,NIFTY_BEES,296.010009765625,293.989990234375,296.20001220703125,291.9100036621094,5102629,2026-05-25 14:44:35
2025-11-26,GC=F,GOLD_USD,4165.2001953125,4128.60009765625,4171.0,4127.5,25088,2026-05-25 14:44:35
2025-11-26,^NSEI,NIFTY50,26205.30078125,25842.94921875,26215.150390625,25842.94921875,275300,2026-05-25 14:44:35
2025-11-27,USDINR=X,USDINR,89.16300201416016,89.1624984741211,89.40630340576172,89.13800048828125,0,2026-05-25 14:44:35
2025-11-27,NIFTYBEES.NS,NIFTY_BEES,296.4200134277344,296.010009765625,297.45001220703125,295.4800109863281,5985585,2026-05-25 14:44:35
2025-11-27,^NSEI,NIFTY50,26215.55078125,26261.25,26310.44921875,26141.900390625,240300,2026-05-25 14:44:35
2025-11-28,BZ=F,BRENT_CRUDE,63.20000076293945,63.0099983215332,63.459999084472656,62.810001373291016,31795,2026-05-25 14:44:35
2025-11-28,USDINR=X,USDINR,89.36479949951172,89.36489868164062,89.61869812011719,89.05500030517578,0,2026-05-25 14:44:35
2025-11-28,GOLD,GOLD_INR,28.467914581298828,27.2086247378818,28.50757820661124,26.990478581195042,258800,2026-05-25 14:44:35
2025-11-28,NIFTYBEES.NS,NIFTY_BEES,296.489990234375,297.239990234375,297.239990234375,296.0199890136719,3789563,2026-05-25 14:44:35
2025-11-28,GC=F,GOLD_USD,4218.2998046875,4163.39990234375,4223.89990234375,4140.0,3615,2026-05-25 14:44:35
2025-11-28,^NSEI,NIFTY50,26202.94921875,26237.44921875,26280.75,26172.400390625,202500,2026-05-25 14:44:35
2025-12-01,NIFTYBEES.NS,NIFTY_BEES,296.1000061035156,297.2799987792969,298.1499938964844,295.6600036621094,7035148,2026-05-25 14:44:35
2025-12-01,USDINR=X,USDINR,89.3499984741211,89.3572998046875,89.7970962524414,89.31659698486328,0,2026-05-25 14:44:35
2025-12-01,GC=F,GOLD_USD,4239.2998046875,4218.5,4262.10009765625,4214.89990234375,913,2026-05-25 14:44:35
2025-12-01,GOLD,GOLD_INR,29.003360748291016,28.38858782505924,29.22150500297808,28.25968483166817,383200,2026-05-25 14:44:35
2025-12-01,BZ=F,BRENT_CRUDE,63.16999816894531,62.689998626708984,63.810001373291016,62.689998626708984,31203,2026-05-25 14:44:35
2025-12-01,^NSEI,NIFTY50,26175.75,26325.80078125,26325.80078125,26124.19921875,213800,2026-05-25 14:44:35
2025-12-02,USDINR=X,USDINR,89.61270141601562,89.61270141601562,89.99299621582031,89.5802993774414,0,2026-05-25 14:44:35
2025-12-02,GC=F,GOLD_USD,4186.60009765625,4230.5,4230.5,4167.0,366,2026-05-25 14:44:35
2025-12-02,BZ=F,BRENT_CRUDE,62.45000076293945,63.29999923706055,63.43000030517578,62.16999816894531,39539,2026-05-25 14:44:35
2025-12-02,NIFTYBEES.NS,NIFTY_BEES,294.6600036621094,296.17999267578125,296.989990234375,294.010009765625,5334774,2026-05-25 14:44:35
2025-12-02,^NSEI,NIFTY50,26032.19921875,26087.94921875,26154.599609375,25997.849609375,254800,2026-05-25 14:44:35
2025-12-02,GOLD,GOLD_INR,29.528894424438477,29.875941696189244,29.945353041805184,28.586904109288653,223900,2026-05-25 14:44:35
2025-12-03,GC=F,GOLD_USD,4199.2998046875,4215.7001953125,4234.10009765625,4195.7001953125,1897,2026-05-25 14:44:35
2025-12-03,NIFTYBEES.NS,NIFTY_BEES,293.79998779296875,294.8800048828125,294.989990234375,292.9200134277344,6564296,2026-05-25 14:44:35
2025-12-03,GOLD,GOLD_INR,31.115400314331055,29.895772233812256,32.22595721035242,29.528893164680117,361400,2026-05-25 14:44:35
2025-12-03,BZ=F,BRENT_CRUDE,62.66999816894531,62.43000030517578,63.349998474121094,62.16999816894531,40622,2026-05-25 14:44:35
2025-12-03,^NSEI,NIFTY50,25986.0,26004.900390625,26066.44921875,25891.0,265700,2026-05-25 14:44:35
2025-12-03,USDINR=X,USDINR,89.91719818115234,89.91719818115234,90.30400085449219,89.8427963256836,0,2026-05-25 14:44:35
2025-12-04,GC=F,GOLD_USD,4211.7998046875,4211.0,4211.7998046875,4175.0,616,2026-05-25 14:44:35
2025-12-04,GOLD,GOLD_INR,30.500629425048828,30.73860549873229,30.7881831381917,30.046491136441535,277700,2026-05-25 14:44:35
2025-12-04,USDINR=X,USDINR,90.17050170898438,90.17060089111328,90.45210266113281,89.72579956054688,0,2026-05-25 14:44:35
2025-12-04,NIFTYBEES.NS,NIFTY_BEES,294.3699951171875,294.239990234375,294.9800109863281,293.1099853515625,5468826,2026-05-25 14:44:35
2025-12-04,^NSEI,NIFTY50,26033.75,25981.849609375,26098.25,25938.94921875,248100,2026-05-25 14:44:35
2025-12-04,BZ=F,BRENT_CRUDE,63.2599983215332,62.7599983215332,63.61000061035156,62.529998779296875,32164,2026-05-25 14:44:35
2025-12-05,NIFTYBEES.NS,NIFTY_BEES,296.010009765625,299.8999938964844,301.7200012207031,293.82000732421875,5845131,2026-05-25 14:44:35
2025-12-05,USDINR=X,USDINR,89.8364028930664,89.8364028930664,90.07720184326172,89.6980972290039,0,2026-05-25 14:44:35
2025-12-05,^NSEI,NIFTY50,26186.44921875,25999.80078125,26202.599609375,25985.349609375,249300,2026-05-25 14:44:35
2025-12-05,GC=F,GOLD_USD,4212.89990234375,4204.10009765625,4255.7001953125,4194.5,533,2026-05-25 14:44:35
2025-12-05,GOLD,GOLD_INR,30.629531860351562,30.609701939691107,31.318671249026547,30.485755952051267,303300,2026-05-25 14:44:35
2025-12-05,BZ=F,BRENT_CRUDE,63.75,63.29999923706055,64.08000183105469,63.06999969482422,26349,2026-05-25 14:44:35
2025-12-08,GOLD,GOLD_INR,30.074254989624023,30.837762743239683,31.16696212822564,29.67762819919567,403900,2026-05-25 14:44:35
2025-12-08,BZ=F,BRENT_CRUDE,62.4900016784668,63.900001525878906,63.959999084472656,62.349998474121094,38815,2026-05-25 14:44:35
2025-12-08,^NSEI,NIFTY50,25960.55078125,26159.80078125,26178.69921875,25892.25,320700,2026-05-25 14:44:35
2025-12-08,USDINR=X,USDINR,89.93800354003906,89.93800354003906,90.23870086669922,89.84819793701172,0,2026-05-25 14:44:35
2025-12-08,NIFTYBEES.NS,NIFTY_BEES,293.45001220703125,296.2799987792969,296.489990234375,292.8399963378906,7101555,2026-05-25 14:44:35
2025-12-08,GC=F,GOLD_USD,4187.2001953125,4205.5,4215.7998046875,4175.5,318,2026-05-25 14:44:35
2025-12-09,USDINR=X,USDINR,90.12999725341797,90.12989807128906,90.16850280761719,89.8053970336914,0,2026-05-25 14:44:35
2025-12-09,^NSEI,NIFTY50,25839.650390625,25867.099609375,25923.650390625,25728.0,276000,2026-05-25 14:44:35
2025-12-09,NIFTYBEES.NS,NIFTY_BEES,292.3500061035156,302.25,302.25,291.29998779296875,7015783,2026-05-25 14:44:35
2025-12-09,GC=F,GOLD_USD,4206.7001953125,4190.7001953125,4219.7001953125,4177.7001953125,660,2026-05-25 14:44:35
2025-12-09,GOLD,GOLD_INR,30.817930221557617,30.14366374771632,31.204641096916024,29.895771772996177,398500,2026-05-25 14:44:35
2025-12-09,BZ=F,BRENT_CRUDE,61.939998626708984,62.5,62.779998779296875,61.83000183105469,32575,2026-05-25 14:44:35
2025-12-10,USDINR=X,USDINR,89.91690063476562,89.91699981689453,90.0470962524414,89.7531967163086,0,2026-05-25 14:44:35
2025-12-10,NIFTYBEES.NS,NIFTY_BEES,291.55999755859375,290.0,293.54998779296875,290.0,5828665,2026-05-25 14:44:35
2025-12-10,GOLD,GOLD_INR,31.105487823486328,30.758438658272212,31.343463907593378,30.302316411951022,498200,2026-05-25 14:44:35
2025-12-10,^NSEI,NIFTY50,25758.0,25864.05078125,25947.650390625,25734.55078125,207900,2026-05-25 14:44:35
2025-12-10,GC=F,GOLD_USD,4196.39990234375,4209.0,4234.5,4183.60009765625,692,2026-05-25 14:44:35
2025-12-10,BZ=F,BRENT_CRUDE,62.209999084472656,62.13999938964844,62.72999954223633,61.349998474121094,45191,2026-05-25 14:44:35
2025-12-11,GC=F,GOLD_USD,4285.5,4224.0,4286.89990234375,4214.2998046875,528,2026-05-25 14:44:35
2025-12-11,USDINR=X,USDINR,89.79299926757812,89.79299926757812,90.65029907226562,89.79299926757812,0,2026-05-25 14:44:35
2025-12-11,NIFTYBEES.NS,NIFTY_BEES,292.92999267578125,292.989990234375,293.3699951171875,290.82000732421875,4174292,2026-05-25 14:44:35
2025-12-11,BZ=F,BRENT_CRUDE,61.279998779296875,62.619998931884766,62.619998931884766,60.75,48635,2026-05-25 14:44:35
2025-12-11,GOLD,GOLD_INR,31.115400314331055,30.510545172751275,31.750005065457138,30.510545172751275,523800,2026-05-25 14:44:35
2025-12-11,^NSEI,NIFTY50,25898.55078125,25771.400390625,25922.80078125,25693.25,206100,2026-05-25 14:44:35
2025-12-12,GC=F,GOLD_USD,4300.10009765625,4276.39990234375,4355.0,4260.0,1531,2026-05-25 14:44:35
2025-12-12,NIFTYBEES.NS,NIFTY_BEES,294.69000244140625,293.3999938964844,294.8999938964844,293.0799865722656,5378596,2026-05-25 14:44:35
2025-12-12,GOLD,GOLD_INR,31.452533721923828,31.73017342020629,32.16646194302281,30.768353219261947,963200,2026-05-25 14:44:35
2025-12-12,USDINR=X,USDINR,90.25299835205078,90.2509994506836,90.64469909667969,90.17530059814453,0,2026-05-25 14:44:35
2025-12-12,^NSEI,NIFTY50,26046.94921875,25971.19921875,26057.599609375,25938.44921875,216300,2026-05-25 14:44:35
2025-12-12,BZ=F,BRENT_CRUDE,61.119998931884766,61.599998474121094,61.849998474121094,60.810001373291016,42931,2026-05-25 14:44:35
2025-12-15,GC=F,GOLD_USD,4306.7001953125,4308.2998046875,4349.2001953125,4292.89990234375,854,2026-05-25 14:44:35
2025-12-15,BZ=F,BRENT_CRUDE,60.560001373291016,61.15999984741211,61.5,60.130001068115234,42976,2026-05-25 14:44:35
2025-12-15,NIFTYBEES.NS,NIFTY_BEES,294.5400085449219,294.989990234375,294.989990234375,293.010009765625,3920394,2026-05-25 14:44:35
2025-12-15,GOLD,GOLD_INR,31.482282638549805,32.126803323690226,32.22595860638957,30.391557507465002,887300,2026-05-25 14:44:35
2025-12-15,USDINR=X,USDINR,90.5770034790039,90.5770034790039,90.77239990234375,90.39340209960938,0,2026-05-25 14:44:35
2025-12-15,^NSEI,NIFTY50,26027.30078125,25930.05078125,26047.150390625,25904.75,181600,2026-05-25 14:44:35
2025-12-16,NIFTYBEES.NS,NIFTY_BEES,292.6600036621094,294.2799987792969,294.29998779296875,292.5,4667150,2026-05-25 14:44:35
2025-12-16,BZ=F,BRENT_CRUDE,58.91999816894531,60.33000183105469,60.40999984741211,58.720001220703125,48212,2026-05-25 14:44:35
2025-12-16,GOLD,GOLD_INR,31.888824462890625,31.48228176307812,32.354862600187204,31.174896234473337,818900,2026-05-25 14:44:35
2025-12-16,USDINR=X,USDINR,90.77690124511719,90.77690124511719,91.072998046875,90.75279998779297,0,2026-05-25 14:44:35
2025-12-16,GC=F,GOLD_USD,4304.5,4270.5,4321.39990234375,4270.5,1796,2026-05-25 14:44:35
2025-12-16,^NSEI,NIFTY50,25860.099609375,25951.5,25980.75,25834.349609375,264400,2026-05-25 14:44:35
2025-12-17,BZ=F,BRENT_CRUDE,59.68000030517578,58.939998626708984,60.65999984741211,58.90999984741211,50078,2026-05-25 14:44:35
2025-12-17,GOLD,GOLD_INR,32.42427444458008,32.28545552940808,32.48376610392136,31.036077727796638,786700,2026-05-25 14:44:35
2025-12-17,USDINR=X,USDINR,90.94889831542969,90.9489974975586,91.06549835205078,89.82060241699219,0,2026-05-25 14:44:35
2025-12-17,GC=F,GOLD_USD,4347.5,4308.5,4351.39990234375,4308.5,2169,2026-05-25 14:44:35
2025-12-17,^NSEI,NIFTY50,25818.55078125,25902.400390625,25929.150390625,25770.349609375,206500,2026-05-25 14:44:35
2025-12-17,NIFTYBEES.NS,NIFTY_BEES,291.7099914550781,292.6600036621094,293.2900085449219,290.79998779296875,10115469,2026-05-25 14:44:35
2025-12-18,USDINR=X,USDINR,90.4136962890625,90.41629791259766,90.4573974609375,90.0458984375,0,2026-05-25 14:44:35
2025-12-18,NIFTYBEES.NS,NIFTY_BEES,291.8399963378906,284.5,292.8299865722656,284.5,3881769,2026-05-25 14:44:35
2025-12-18,^NSEI,NIFTY50,25815.55078125,25764.69921875,25902.349609375,25726.30078125,197600,2026-05-25 14:44:35
2025-12-18,GOLD,GOLD_INR,32.354862213134766,32.72174128356902,33.37617595793914,32.26760299570827,864900,2026-05-25 14:44:35
2025-12-18,BZ=F,BRENT_CRUDE,59.81999969482422,60.63999938964844,60.720001220703125,59.54999923706055,31064,2026-05-25 14:44:35
2025-12-18,GC=F,GOLD_USD,4339.5,4331.0,4348.10009765625,4328.2001953125,705,2026-05-25 14:44:35
2025-12-19,NIFTYBEES.NS,NIFTY_BEES,293.4494934082031,293.4494934082031,293.4494934082031,293.4494934082031,0,2026-05-25 14:44:35
2025-12-19,GOLD,GOLD_INR,32.880393981933594,32.37469597773275,34.12976796924439,32.30528652191169,1277500,2026-05-25 14:44:35
2025-12-19,BZ=F,BRENT_CRUDE,60.470001220703125,59.77000045776367,60.63999938964844,59.40999984741211,36104,2026-05-25 14:44:35
2025-12-19,GC=F,GOLD_USD,4361.39990234375,4350.10009765625,4361.39990234375,4350.10009765625,1065,2026-05-25 14:44:35
2025-12-19,^NSEI,NIFTY50,25966.400390625,25911.5,25993.349609375,25880.44921875,382900,2026-05-25 14:44:35
2025-12-19,USDINR=X,USDINR,90.25579833984375,90.26129913330078,90.29299926757812,89.21189880371094,0,2026-05-25 14:44:35
2025-12-22,GOLD,GOLD_INR,33.445587158203125,33.04896223991176,33.85212987440746,32.920057344764544,1109800,2026-05-25 14:44:35
2025-12-22,BZ=F,BRENT_CRUDE,62.06999969482422,60.56999969482422,62.15999984741211,60.560001373291016,35138,2026-05-25 14:44:35
2025-12-22,USDINR=X,USDINR,89.56999969482422,89.56999969482422,89.77189636230469,89.3949966430664,0,2026-05-25 14:44:35
2025-12-22,NIFTYBEES.NS,NIFTY_BEES,295.69000244140625,295.25,295.7300109863281,293.8500061035156,9092048,2026-05-25 14:44:35
2025-12-22,^NSEI,NIFTY50,26172.400390625,26055.849609375,26180.69921875,26047.80078125,253000,2026-05-25 14:44:35
2025-12-22,GC=F,GOLD_USD,4444.60009765625,4371.10009765625,4447.60009765625,4371.10009765625,449,2026-05-25 14:44:35
2025-12-23,GC=F,GOLD_USD,4482.7998046875,4503.2998046875,4503.7998046875,4450.39990234375,694,2026-05-25 14:44:35
2025-12-23,NIFTYBEES.NS,NIFTY_BEES,295.67999267578125,296.9800109863281,296.9800109863281,295.2699890136719,3747050,2026-05-25 14:44:35
2025-12-23,^NSEI,NIFTY50,26177.150390625,26205.19921875,26233.55078125,26119.05078125,216600,2026-05-25 14:44:35
2025-12-23,BZ=F,BRENT_CRUDE,62.380001068115234,61.9900016784668,62.54999923706055,61.72999954223633,26231,2026-05-25 14:44:35
2025-12-23,GOLD,GOLD_INR,33.455501556396484,33.415837933838446,34.417319816975905,33.415837933838446,1242000,2026-05-25 14:44:35
2025-12-23,USDINR=X,USDINR,89.60389709472656,89.60399627685547,89.83300018310547,89.43090057373047,0,2026-05-25 14:44:35
2025-12-24,NIFTYBEES.NS,NIFTY_BEES,295.5,295.67999267578125,296.3800048828125,294.760009765625,3252373,2026-05-25 14:44:35
2025-12-24,USDINR=X,USDINR,89.50789642333984,89.50789642333984,89.8656997680664,89.4229965209961,0,2026-05-25 14:44:35
2025-12-24,^NSEI,NIFTY50,26142.099609375,26170.650390625,26236.400390625,26123.0,188800,2026-05-25 14:44:35
2025-12-24,BZ=F,BRENT_CRUDE,62.2400016784668,62.43000030517578,62.720001220703125,62.02000045776367,14966,2026-05-25 14:44:35
2025-12-24,GC=F,GOLD_USD,4480.60009765625,4500.7001953125,4503.39990234375,4468.39990234375,500,2026-05-25 14:44:35
2025-12-24,GOLD,GOLD_INR,34.496646881103516,33.56457066853596,34.86352593151244,33.11836815595837,632900,2026-05-25 14:44:35
2025-12-26,BZ=F,BRENT_CRUDE,60.63999938964844,62.349998474121094,62.689998626708984,60.59000015258789,9687,2026-05-25 14:44:35
2025-12-26,NIFTYBEES.NS,NIFTY_BEES,294.4599914550781,296.989990234375,296.989990234375,294.20001220703125,3502261,2026-05-25 14:44:35
2025-12-26,USDINR=X,USDINR,90.10590362548828,90.10590362548828,90.10900115966797,89.54869842529297,0,2026-05-25 14:44:35
2025-12-26,^NSEI,NIFTY50,26042.30078125,26121.25,26144.19921875,26008.599609375,142200,2026-05-25 14:44:35
2025-12-26,GOLD,GOLD_INR,34.29833221435547,35.20065881001517,35.40888715150637,33.47532908008381,519400,2026-05-25 14:44:35
2025-12-26,GC=F,GOLD_USD,4529.10009765625,4512.0,4556.2998046875,4502.0,263,2026-05-25 14:44:35
2025-12-29,GC=F,GOLD_USD,4325.10009765625,4371.5,4379.0,4325.10009765625,2044,2026-05-25 14:44:35
2025-12-29,USDINR=X,USDINR,89.82929992675781,89.81430053710938,90.3550033569336,89.76360321044922,0,2026-05-25 14:44:35
2025-12-29,BZ=F,BRENT_CRUDE,61.939998626708984,61.040000915527344,62.150001525878906,60.95000076293945,9170,2026-05-25 14:44:35
2025-12-29,NIFTYBEES.NS,NIFTY_BEES,293.1499938964844,294.4599914550781,295.2799987792969,292.760009765625,5796571,2026-05-25 14:44:35
2025-12-29,^NSEI,NIFTY50,25942.099609375,26063.349609375,26106.80078125,25920.30078125,234300,2026-05-25 14:44:35
2025-12-29,GOLD,GOLD_INR,33.13819885253906,33.46541808947349,33.765864568292805,32.483764161201734,543700,2026-05-25 14:44:35
2025-12-30,NIFTYBEES.NS,NIFTY_BEES,293.32000732421875,293.5400085449219,293.5799865722656,291.95001220703125,8060541,2026-05-25 14:44:35
2025-12-30,USDINR=X,USDINR,89.9000015258789,89.90019989013672,89.99009704589844,89.68579864501953,0,2026-05-25 14:44:35
2025-12-30,^NSEI,NIFTY50,25938.849609375,25940.900390625,25976.75,25878.0,396900,2026-05-25 14:44:35
2025-12-30,GOLD,GOLD_INR,33.16794967651367,33.48525112740598,33.60423822585768,32.86056224110415,478900,2026-05-25 14:44:35
2025-12-30,GC=F,GOLD_USD,4370.10009765625,4346.39990234375,4403.60009765625,4338.0,1837,2026-05-25 14:44:35
2025-12-30,BZ=F,BRENT_CRUDE,61.91999816894531,61.70000076293945,62.33000183105469,61.5099983215332,30567,2026-05-25 14:44:35
2025-12-31,BZ=F,BRENT_CRUDE,60.849998474121094,61.27000045776367,61.90999984741211,60.619998931884766,30919,2026-05-25 14:44:35
2025-12-31,NIFTYBEES.NS,NIFTY_BEES,295.30999755859375,294.0799865722656,295.70001220703125,293.05999755859375,5677730,2026-05-25 14:44:35
2025-12-31,^NSEI,NIFTY50,26129.599609375,25971.05078125,26187.94921875,25969.0,246300,2026-05-25 14:44:35
2025-12-31,GC=F,GOLD_USD,4325.60009765625,4333.5,4363.7998046875,4285.0,785,2026-05-25 14:44:35
2025-12-31,USDINR=X,USDINR,89.76940155029297,89.76969909667969,89.93800354003906,89.64399719238281,0,2026-05-25 14:44:35
2025-12-31,GOLD,GOLD_INR,33.76288604736328,33.85212730915934,34.07027345633446,33.26710210016989,401800,2026-05-25 14:44:35
2026-01-01,^NSEI,NIFTY50,26146.55078125,26173.30078125,26197.55078125,26113.400390625,425600,2026-05-25 14:44:35
2026-01-01,NIFTYBEES.NS,NIFTY_BEES,295.3299865722656,296.19000244140625,296.19000244140625,294.9100036621094,3647078,2026-05-25 14:44:35
2026-01-02,GOLD,GOLD_INR,34.4768180847168,34.010779937680816,34.645382820647185,33.76288795011385,368100,2026-05-25 14:44:35
2026-01-02,BZ=F,BRENT_CRUDE,60.75,60.91999816894531,61.36000061035156,60.0,33381,2026-05-25 14:44:35
2026-01-02,^NSEI,NIFTY50,26328.55078125,26155.099609375,26340.0,26118.400390625,357500,2026-05-25 14:44:35
2026-01-02,NIFTYBEES.NS,NIFTY_BEES,297.54998779296875,294.9100036621094,297.989990234375,294.9100036621094,6959353,2026-05-25 14:44:35
2026-01-02,GC=F,GOLD_USD,4314.39990234375,4350.60009765625,4350.60009765625,4314.39990234375,589,2026-05-25 14:44:35
2026-01-02,USDINR=X,USDINR,89.96189880371094,89.96189880371094,90.3147964477539,89.83650207519531,0,2026-05-25 14:44:35
2026-01-05,NIFTYBEES.NS,NIFTY_BEES,296.4100036621094,297.54998779296875,298.0,296.0199890136719,8311788,2026-05-25 14:44:35
2026-01-05,^NSEI,NIFTY50,26250.30078125,26333.69921875,26373.19921875,26210.05078125,338800,2026-05-25 14:44:35
2026-01-05,BZ=F,BRENT_CRUDE,61.7599983215332,60.88999938964844,61.880001068115234,59.7599983215332,45681,2026-05-25 14:44:35
2026-01-05,GOLD,GOLD_INR,36.02366256713867,35.567538471779066,36.34195500642583,34.27850099605352,585800,2026-05-25 14:44:35
2026-01-05,GC=F,GOLD_USD,4436.89990234375,4386.7001953125,4443.5,4384.7998046875,618,2026-05-25 14:44:35
2026-01-05,USDINR=X,USDINR,90.00700378417969,90.00700378417969,90.30829620361328,90.00700378417969,0,2026-05-25 14:44:35
2026-01-06,GOLD,GOLD_INR,37.72916030883789,36.09307543623286,37.73907810670483,35.69644673725077,693100,2026-05-25 14:44:35
2026-01-06,NIFTYBEES.NS,NIFTY_BEES,296.0199890136719,297.7900085449219,297.7900085449219,295.2799987792969,6789022,2026-05-25 14:44:35
2026-01-06,BZ=F,BRENT_CRUDE,60.70000076293945,61.790000915527344,62.31999969482422,60.400001525878906,48263,2026-05-25 14:44:35
2026-01-06,^NSEI,NIFTY50,26178.69921875,26189.69921875,26273.94921875,26124.75,383000,2026-05-25 14:44:35
2026-01-06,USDINR=X,USDINR,90.23300170898438,90.23290252685547,90.25700378417969,90.05999755859375,0,2026-05-25 14:44:35
2026-01-06,GC=F,GOLD_USD,4482.2001953125,4449.7001953125,4482.2001953125,4449.0,459,2026-05-25 14:44:35
2026-01-07,BZ=F,BRENT_CRUDE,59.959999084472656,60.61000061035156,60.90999984741211,59.45000076293945,71788,2026-05-25 14:44:35
2026-01-07,GOLD,GOLD_INR,37.56059265136719,37.431687766836205,37.7787350145758,36.233873576735945,467500,2026-05-25 14:44:35
2026-01-07,NIFTYBEES.NS,NIFTY_BEES,295.7200012207031,296.1400146484375,296.2300109863281,295.0,3807973,2026-05-25 14:44:35
2026-01-07,USDINR=X,USDINR,90.16609954833984,90.14739990234375,90.21800231933594,89.74700164794922,0,2026-05-25 14:44:35
2026-01-07,GC=F,GOLD_USD,4449.2998046875,4450.0,4450.0,4449.2998046875,972,2026-05-25 14:44:35
2026-01-07,^NSEI,NIFTY50,26140.75,26143.099609375,26187.150390625,26067.900390625,338200,2026-05-25 14:44:35
2026-01-08,USDINR=X,USDINR,89.8644027709961,89.83799743652344,90.12329864501953,89.72899627685547,0,2026-05-25 14:44:35
2026-01-08,BZ=F,BRENT_CRUDE,61.9900016784668,60.349998474121094,63.0099983215332,59.95000076293945,64136,2026-05-25 14:44:35
2026-01-08,NIFTYBEES.NS,NIFTY_BEES,292.92999267578125,295.7200012207031,295.9800109863281,292.6099853515625,6194291,2026-05-25 14:44:35
2026-01-08,GC=F,GOLD_USD,4449.7001953125,4460.2001953125,4461.2998046875,4418.0,2423,2026-05-25 14:44:35
2026-01-08,^NSEI,NIFTY50,25876.849609375,26106.5,26133.19921875,25858.44921875,328500,2026-05-25 14:44:35
2026-01-08,GOLD,GOLD_INR,37.74898910522461,36.98548137934746,37.97704926502719,36.80699885732261,351900,2026-05-25 14:44:35
2026-01-09,GC=F,GOLD_USD,4490.2998046875,4473.0,4490.2998046875,4473.0,237,2026-05-25 14:44:35
2026-01-09,NIFTYBEES.NS,NIFTY_BEES,290.5899963378906,291.010009765625,293.8900146484375,290.0,8442130,2026-05-25 14:44:35
2026-01-09,BZ=F,BRENT_CRUDE,63.34000015258789,62.66999816894531,63.90999984741211,61.84000015258789,56568,2026-05-25 14:44:35
2026-01-09,^NSEI,NIFTY50,25683.30078125,25840.400390625,25940.599609375,25623.0,348800,2026-05-25 14:44:35
2026-01-09,USDINR=X,USDINR,89.90540313720703,89.90540313720703,90.36399841308594,89.81610107421875,0,2026-05-25 14:44:35
2026-01-09,GOLD,GOLD_INR,38.671146392822266,37.88780687859607,39.1470985099071,37.838229242291,569100,2026-05-25 14:44:35
2026-01-12,^NSEI,NIFTY50,25790.25,25669.05078125,25813.150390625,25473.400390625,275800,2026-05-25 14:44:35
2026-01-12,NIFTYBEES.NS,NIFTY_BEES,291.8699951171875,291.989990234375,292.0899963378906,288.3999938964844,9096409,2026-05-25 14:44:35
2026-01-12,BZ=F,BRENT_CRUDE,63.869998931884766,63.40999984741211,64.27999877929688,62.7599983215332,56900,2026-05-25 14:44:35
2026-01-12,GC=F,GOLD_USD,4604.2998046875,4579.10009765625,4620.0,4577.7998046875,156,2026-05-25 14:44:35
2026-01-12,GOLD,GOLD_INR,42.46885681152344,40.62453983245919,43.05387826662486,40.049428609941735,1172900,2026-05-25 14:44:35
2026-01-12,USDINR=X,USDINR,90.23600006103516,90.23600006103516,90.42919921875,90.12049865722656,0,2026-05-25 14:44:35
2026-01-13,GOLD,GOLD_INR,41.328548431396484,42.91505548378877,43.12328760772184,40.74947316814674,797300,2026-05-25 14:44:35
2026-01-13,NIFTYBEES.NS,NIFTY_BEES,291.1300048828125,293.4800109863281,293.4800109863281,289.8999938964844,5365914,2026-05-25 14:44:35
2026-01-13,BZ=F,BRENT_CRUDE,65.47000122070312,64.16999816894531,65.91000366210938,63.849998474121094,80180,2026-05-25 14:44:35
2026-01-13,USDINR=X,USDINR,90.13269805908203,90.13269805908203,90.44860076904297,90.13269805908203,0,2026-05-25 14:44:35
2026-01-13,^NSEI,NIFTY50,25732.30078125,25897.349609375,25899.80078125,25603.30078125,339500,2026-05-25 14:44:35
2026-01-13,GC=F,GOLD_USD,4589.2001953125,4578.60009765625,4617.10009765625,4578.60009765625,239,2026-05-25 14:44:35
2026-01-14,GOLD,GOLD_INR,39.48423385620117,41.72517945003142,42.14163615643286,38.750475721342035,983900,2026-05-25 14:44:35
2026-01-14,NIFTYBEES.NS,NIFTY_BEES,290.6600036621094,291.1300048828125,291.989990234375,289.8999938964844,5577083,2026-05-25 14:44:35
2026-01-14,BZ=F,BRENT_CRUDE,66.5199966430664,65.44000244140625,66.80999755859375,63.470001220703125,96568,2026-05-25 14:44:35
2026-01-14,USDINR=X,USDINR,90.27300262451172,90.27300262451172,90.4468002319336,89.98500061035156,0,2026-05-25 14:44:35
2026-01-14,^NSEI,NIFTY50,25665.599609375,25648.55078125,25791.75,25603.94921875,393100,2026-05-25 14:44:35
2026-01-14,GC=F,GOLD_USD,4626.2998046875,4610.2998046875,4635.0,4608.2001953125,1313,2026-05-25 14:44:35
2026-01-15,BZ=F,BRENT_CRUDE,63.7599983215332,65.69000244140625,65.69000244140625,63.279998779296875,54944,2026-05-25 14:44:35
2026-01-15,GC=F,GOLD_USD,4616.2998046875,4612.89990234375,4616.2998046875,4612.89990234375,4358,2026-05-25 14:44:35
2026-01-15,NIFTYBEES.NS,NIFTY_BEES,290.6600036621094,290.6600036621094,290.6600036621094,290.6600036621094,0,2026-05-25 14:44:35
2026-01-15,USDINR=X,USDINR,90.18319702148438,90.18319702148438,90.42379760742188,90.18199920654297,0,2026-05-25 14:44:35
2026-01-15,GOLD,GOLD_INR,39.751956939697266,39.11735409405235,40.09900418886829,38.304268725253394,453200,2026-05-25 14:44:35
2026-01-16,GOLD,GOLD_INR,41.556610107421875,40.75343875502662,41.93836208065542,40.24774079557641,643700,2026-05-25 14:44:35
2026-01-16,NIFTYBEES.NS,NIFTY_BEES,291.0400085449219,291.8900146484375,292.8999938964844,290.2799987792969,6031692,2026-05-25 14:44:35
2026-01-16,BZ=F,BRENT_CRUDE,64.12999725341797,63.79999923706055,64.7699966430664,63.45000076293945,35235,2026-05-25 14:44:35
2026-01-16,^NSEI,NIFTY50,25694.349609375,25696.05078125,25873.5,25662.400390625,434000,2026-05-25 14:44:35
2026-01-16,USDINR=X,USDINR,90.36160278320312,90.36160278320312,90.86299896240234,90.27570343017578,0,2026-05-25 14:44:35
2026-01-16,GC=F,GOLD_USD,4588.39990234375,4608.0,4608.0,4588.39990234375,352,2026-05-25 14:44:35
2026-01-19,NIFTYBEES.NS,NIFTY_BEES,289.6300048828125,290.9800109863281,291.1499938964844,288.80999755859375,7409667,2026-05-25 14:44:35
2026-01-19,^NSEI,NIFTY50,25585.5,25653.099609375,25653.30078125,25494.349609375,443100,2026-05-25 14:44:35
2026-01-19,USDINR=X,USDINR,90.7020034790039,90.7020034790039,91.00029754638672,90.5958023071289,0,2026-05-25 14:44:35
2026-01-20,BZ=F,BRENT_CRUDE,64.91999816894531,63.560001373291016,65.12000274658203,63.2599983215332,78657,2026-05-25 14:44:35
2026-01-20,GOLD,GOLD_INR,41.784671783447266,42.12180502948373,42.91406759028972,41.64585287905545,636700,2026-05-25 14:44:35
2026-01-20,^NSEI,NIFTY50,25232.5,25580.30078125,25585.0,25171.349609375,409800,2026-05-25 14:44:35
2026-01-20,USDINR=X,USDINR,90.90450286865234,90.90450286865234,91.04810333251953,90.86930084228516,0,2026-05-25 14:44:35
2026-01-20,NIFTYBEES.NS,NIFTY_BEES,286.2799987792969,290.8900146484375,290.8900146484375,285.6000061035156,9366361,2026-05-25 14:44:35
2026-01-20,GC=F,GOLD_USD,4759.60009765625,4662.2001953125,4764.0,4661.7998046875,175,2026-05-25 14:44:35
2026-01-21,GC=F,GOLD_USD,4831.7998046875,4863.5,4872.2998046875,4771.5,1706,2026-05-25 14:44:35
2026-01-21,NIFTYBEES.NS,NIFTY_BEES,284.95001220703125,285.0,287.489990234375,282.3999938964844,12156217,2026-05-25 14:44:35
2026-01-21,USDINR=X,USDINR,91.11840057373047,91.11830139160156,91.80999755859375,91.00270080566406,0,2026-05-25 14:44:35
2026-01-21,GOLD,GOLD_INR,42.31019973754883,42.06230776688347,42.67708257755609,40.55512791386561,541300,2026-05-25 14:44:35
2026-01-21,BZ=F,BRENT_CRUDE,65.23999786376953,64.01000213623047,65.41000366210938,63.630001068115234,52906,2026-05-25 14:44:35
2026-01-21,^NSEI,NIFTY50,25157.5,25141.0,25300.94921875,24919.80078125,395600,2026-05-25 14:44:35
2026-01-22,GOLD,GOLD_INR,43.48025131225586,42.508515214990574,43.92645762797242,42.45893757602904,495400,2026-05-25 14:44:35
2026-01-22,USDINR=X,USDINR,91.53690338134766,91.53700256347656,91.66500091552734,91.09310150146484,0,2026-05-25 14:44:35
2026-01-22,BZ=F,BRENT_CRUDE,64.05999755859375,65.13999938964844,65.37000274658203,63.560001373291016,49453,2026-05-25 14:44:35
2026-01-22,GC=F,GOLD_USD,4908.7998046875,4791.89990234375,4908.7998046875,4791.89990234375,1175,2026-05-25 14:44:35
2026-01-22,NIFTYBEES.NS,NIFTY_BEES,286.6099853515625,287.8900146484375,288.0899963378906,285.1000061035156,7525121,2026-05-25 14:44:35
2026-01-22,^NSEI,NIFTY50,25289.900390625,25344.150390625,25435.75,25168.5,486400,2026-05-25 14:44:35
2026-01-23,NIFTYBEES.NS,NIFTY_BEES,283.9100036621094,288.07000732421875,288.07000732421875,283.6499938964844,8346651,2026-05-25 14:44:35
2026-01-23,BZ=F,BRENT_CRUDE,65.87999725341797,64.27999877929688,66.20999908447266,64.23999786376953,34015,2026-05-25 14:44:35
2026-01-23,^NSEI,NIFTY50,25048.650390625,25344.599609375,25347.94921875,25025.30078125,393900,2026-05-25 14:44:35
2026-01-23,GC=F,GOLD_USD,4976.2001953125,4949.60009765625,4976.2001953125,4936.0,169,2026-05-25 14:44:35
2026-01-23,GOLD,GOLD_INR,42.74649429321289,43.62898915036756,43.93637657200194,42.25071032559508,520900,2026-05-25 14:44:35
2026-01-23,USDINR=X,USDINR,91.55829620361328,91.55829620361328,91.97599792480469,91.4229965209961,0,2026-05-25 14:44:35
2026-01-26,GC=F,GOLD_USD,5079.7001953125,5081.5,5095.60009765625,5052.2001953125,180,2026-05-25 14:44:35
2026-01-26,BZ=F,BRENT_CRUDE,65.58999633789062,66.06999969482422,66.51000213623047,65.27999877929688,25795,2026-05-25 14:44:35
2026-01-26,GOLD,GOLD_INR,43.728145599365234,43.62899031620468,44.09800153846034,42.33995272245949,858300,2026-05-25 14:44:35
2026-01-26,USDINR=X,USDINR,91.5009994506836,91.5927963256836,91.78759765625,91.38400268554688,0,2026-05-25 14:44:35
2026-01-27,GC=F,GOLD_USD,5079.89990234375,5079.89990234375,5079.89990234375,5079.89990234375,34,2026-05-25 14:44:35
2026-01-27,^NSEI,NIFTY50,25175.400390625,25063.349609375,25246.650390625,24932.55078125,618700,2026-05-25 14:44:35
2026-01-27,BZ=F,BRENT_CRUDE,67.56999969482422,65.7300033569336,67.77999877929688,65.0,34327,2026-05-25 14:44:35
2026-01-27,GOLD,GOLD_INR,50.71870040893555,44.05536280398781,52.477740166825896,44.05536280398781,2113900,2026-05-25 14:44:35
2026-01-27,NIFTYBEES.NS,NIFTY_BEES,285.2200012207031,284.0,285.989990234375,282.3999938964844,8292101,2026-05-25 14:44:35
2026-01-27,USDINR=X,USDINR,91.71309661865234,91.71309661865234,91.88800048828125,91.5031967163086,0,2026-05-25 14:44:35
2026-01-28,USDINR=X,USDINR,91.5343017578125,91.5343017578125,92.32749938964844,91.41809844970703,0,2026-05-25 14:44:35
2026-01-28,BZ=F,BRENT_CRUDE,68.4000015258789,67.7699966430664,68.69999694824219,67.12999725341797,23555,2026-05-25 14:44:35
2026-01-28,GC=F,GOLD_USD,5301.60009765625,5301.60009765625,5301.60009765625,5301.60009765625,112054,2026-05-25 14:44:35
2026-01-28,GOLD,GOLD_INR,53.534751892089844,51.858999741969164,55.16092262182747,51.561530132327384,1617100,2026-05-25 14:44:35
2026-01-28,NIFTYBEES.NS,NIFTY_BEES,286.6099853515625,286.989990234375,286.989990234375,285.2200012207031,6835320,2026-05-25 14:44:35
2026-01-28,^NSEI,NIFTY50,25342.75,25258.849609375,25372.099609375,25187.650390625,574900,2026-05-25 14:44:35
2026-01-29,BZ=F,BRENT_CRUDE,70.70999908447266,68.66999816894531,71.87999725341797,68.61000061035156,26980,2026-05-25 14:44:35
2026-01-29,USDINR=X,USDINR,92.04080200195312,92.04080200195312,92.13009643554688,91.80560302734375,0,2026-05-25 14:44:35
2026-01-29,GC=F,GOLD_USD,5318.39990234375,5415.7001953125,5586.2001953125,5097.5,23709,2026-05-25 14:44:35
2026-01-29,NIFTYBEES.NS,NIFTY_BEES,287.3699951171875,287.989990234375,287.989990234375,284.2900085449219,9464480,2026-05-25 14:44:35
2026-01-29,^NSEI,NIFTY50,25418.900390625,25345.0,25458.150390625,25159.80078125,582400,2026-05-25 14:44:35
2026-01-29,GOLD,GOLD_INR,53.07862854003906,56.03350043166749,57.17380503104313,51.859000475484905,1837900,2026-05-25 14:44:35
2026-01-30,BZ=F,BRENT_CRUDE,70.69000244140625,70.16000366210938,70.91999816894531,69.11000061035156,85305,2026-05-25 14:44:35
2026-01-30,^NSEI,NIFTY50,25320.650390625,25247.55078125,25370.69921875,25213.650390625,508400,2026-05-25 14:44:35
2026-01-30,GC=F,GOLD_USD,4713.89990234375,5376.39990234375,5440.5,4700.0,8374,2026-05-25 14:44:35
2026-01-30,GOLD,GOLD_INR,51.41279602050781,50.67903786534445,52.87040209830989,49.66962016220422,1132700,2026-05-25 14:44:35
2026-01-30,NIFTYBEES.NS,NIFTY_BEES,286.7300109863281,286.44000244140625,287.3699951171875,285.010009765625,7040728,2026-05-25 14:44:35
2026-01-30,USDINR=X,USDINR,91.78189849853516,91.78199768066406,92.0177993774414,91.78199768066406,0,2026-05-25 14:44:35
2026-02-02,GC=F,GOLD_USD,4622.5,4807.7001953125,4855.7998046875,4400.0,3588,2026-05-25 14:44:35
2026-02-02,^NSEI,NIFTY50,25088.400390625,24796.5,25108.099609375,24679.400390625,449200,2026-05-25 14:44:35
2026-02-02,USDINR=X,USDINR,91.68699645996094,91.68240356445312,92.01950073242188,90.90809631347656,0,2026-05-25 14:44:35
2026-02-02,GOLD,GOLD_INR,50.857521057128906,49.975026186941164,50.94676232391932,47.29779196576011,1190900,2026-05-25 14:44:35
2026-02-02,BZ=F,BRENT_CRUDE,66.30000305175781,68.72000122070312,68.80999755859375,65.45999908447266,80104,2026-05-25 14:44:35
2026-02-02,NIFTYBEES.NS,NIFTY_BEES,283.94000244140625,283.3900146484375,284.5,279.75,10346317,2026-05-25 14:44:35
2026-02-03,USDINR=X,USDINR,90.24559783935547,90.24559783935547,90.5322036743164,90.02780151367188,0,2026-05-25 14:44:35
2026-02-03,BZ=F,BRENT_CRUDE,67.33000183105469,66.30000305175781,68.2699966430664,65.19000244140625,83736,2026-05-25 14:44:35
2026-02-03,NIFTYBEES.NS,NIFTY_BEES,291.239990234375,294.6700134277344,298.8900146484375,289.9800109863281,16588223,2026-05-25 14:44:35
2026-02-03,GOLD,GOLD_INR,52.25563049316406,52.424195225086564,52.76132847146304,50.361735904483986,865800,2026-05-25 14:44:35
2026-02-03,GC=F,GOLD_USD,4903.7001953125,4680.0,4984.60009765625,4674.2998046875,1213,2026-05-25 14:44:35
2026-02-03,^NSEI,NIFTY50,25727.55078125,26308.05078125,26341.19921875,25641.30078125,637300,2026-05-25 14:44:35
2026-02-04,USDINR=X,USDINR,90.42289733886719,90.42289733886719,90.52799987792969,90.23600006103516,0,2026-05-25 14:44:35
2026-02-04,BZ=F,BRENT_CRUDE,69.45999908447266,67.94000244140625,69.75,66.98999786376953,98236,2026-05-25 14:44:35
2026-02-04,NIFTYBEES.NS,NIFTY_BEES,291.6499938964844,291.1400146484375,292.0299987792969,289.17999267578125,5826251,2026-05-25 14:44:35
2026-02-04,GOLD,GOLD_INR,51.04591751098633,52.582847073935724,53.12821247138073,49.70730229415043,704200,2026-05-25 14:44:35
2026-02-04,GC=F,GOLD_USD,4920.39990234375,4923.2998046875,5082.2001953125,4897.89990234375,3886,2026-05-25 14:44:35
2026-02-04,^NSEI,NIFTY50,25776.0,25675.05078125,25818.55078125,25563.94921875,429800,2026-05-25 14:44:35
2026-02-05,BZ=F,BRENT_CRUDE,67.55000305175781,68.83000183105469,68.94000244140625,66.91999816894531,65248,2026-05-25 14:44:35
2026-02-05,^NSEI,NIFTY50,25642.80078125,25755.900390625,25757.650390625,25579.5,343800,2026-05-25 14:44:35
2026-02-05,NIFTYBEES.NS,NIFTY_BEES,290.3500061035156,291.0,291.9800109863281,289.6000061035156,6352571,2026-05-25 14:44:35
2026-02-05,USDINR=X,USDINR,90.125,90.125,90.51580047607422,90.0708999633789,0,2026-05-25 14:44:35
2026-02-05,GC=F,GOLD_USD,4861.39990234375,5008.7001953125,5012.2998046875,4786.0,793,2026-05-25 14:44:35
2026-02-05,GOLD,GOLD_INR,49.925445556640625,48.75539505459041,50.84264895087702,48.586830316047866,634500,2026-05-25 14:44:35
2026-02-06,GOLD,GOLD_INR,54.853538513183594,52.39445045907672,57.14406183195326,50.2824096733297,1371000,2026-05-25 14:44:35
2026-02-06,^NSEI,NIFTY50,25693.69921875,25605.80078125,25703.94921875,25491.900390625,375500,2026-05-25 14:44:35
2026-02-06,NIFTYBEES.NS,NIFTY_BEES,290.6499938964844,290.3500061035156,290.8999938964844,288.8999938964844,4309000,2026-05-25 14:44:35
2026-02-06,USDINR=X,USDINR,90.3147964477539,90.3147964477539,90.81999969482422,90.17729949951172,0,2026-05-25 14:44:35
2026-02-06,GC=F,GOLD_USD,4951.2001953125,4762.0,4958.5,4655.0,1386,2026-05-25 14:44:35
2026-02-06,BZ=F,BRENT_CRUDE,68.05000305175781,67.41000366210938,68.81999969482422,66.58000183105469,79538,2026-05-25 14:44:35
2026-02-09,^NSEI,NIFTY50,25867.30078125,25888.69921875,25922.25,25780.900390625,359400,2026-05-25 14:44:35
2026-02-09,USDINR=X,USDINR,90.58799743652344,90.58899688720703,90.79100036621094,90.3655014038086,0,2026-05-25 14:44:35
2026-02-09,GC=F,GOLD_USD,5050.89990234375,5017.39990234375,5065.7001953125,4979.10009765625,170,2026-05-25 14:44:35
2026-02-09,BZ=F,BRENT_CRUDE,69.04000091552734,67.51000213623047,69.44000244140625,67.02999877929688,51346,2026-05-25 14:44:35
2026-02-09,NIFTYBEES.NS,NIFTY_BEES,292.55999755859375,292.1400146484375,293.67999267578125,291.75,4905392,2026-05-25 14:44:35
2026-02-09,GOLD,GOLD_INR,63.59916687011719,56.79701021750475,66.13757836786306,56.50945839051613,2042600,2026-05-25 14:44:35
2026-02-10,GC=F,GOLD_USD,5003.7998046875,5013.5,5029.0,5002.7001953125,281,2026-05-25 14:44:35
2026-02-10,BZ=F,BRENT_CRUDE,68.80000305175781,69.1500015258789,69.5,68.48999786376953,45779,2026-05-25 14:44:35
2026-02-10,NIFTYBEES.NS,NIFTY_BEES,293.55999755859375,292.55999755859375,293.8900146484375,292.55999755859375,8451744,2026-05-25 14:44:35
2026-02-10,USDINR=X,USDINR,90.82279968261719,90.76020050048828,90.77649688720703,90.46440124511719,0,2026-05-25 14:44:35
2026-02-10,GOLD,GOLD_INR,62.06223678588867,64.4519153418786,66.08503086691515,61.764767163893985,1368900,2026-05-25 14:44:35
2026-02-10,^NSEI,NIFTY50,25935.150390625,25922.650390625,25989.44921875,25870.44921875,460900,2026-05-25 14:44:35
2026-02-11,USDINR=X,USDINR,90.58789825439453,90.58809661865234,90.81169891357422,90.4657974243164,0,2026-05-25 14:44:35
2026-02-11,GC=F,GOLD_USD,5071.60009765625,5049.89990234375,5111.2998046875,5041.2998046875,2681,2026-05-25 14:44:35
2026-02-11,BZ=F,BRENT_CRUDE,69.4000015258789,69.11000061035156,70.72000122070312,69.01000213623047,49482,2026-05-25 14:44:35
2026-02-11,GOLD,GOLD_INR,62.339874267578125,63.70823906059544,65.93926688762018,57.62992663274811,1187100,2026-05-25 14:44:35
2026-02-11,NIFTYBEES.NS,NIFTY_BEES,293.8500061035156,293.55999755859375,294.67999267578125,293.1700134277344,3487981,2026-05-25 14:44:35
2026-02-11,^NSEI,NIFTY50,25953.849609375,25997.44921875,26009.400390625,25899.80078125,331400,2026-05-25 14:44:35
2026-02-12,GC=F,GOLD_USD,4923.7001953125,5060.39990234375,5078.10009765625,4892.0,484,2026-05-25 14:44:35
2026-02-12,BZ=F,BRENT_CRUDE,67.5199966430664,69.63999938964844,69.83999633789062,67.08999633789062,48058,2026-05-25 14:44:35
2026-02-12,USDINR=X,USDINR,90.73570251464844,90.73580169677734,90.73609924316406,90.3646011352539,0,2026-05-25 14:44:35
2026-02-12,GOLD,GOLD_INR,57.213470458984375,62.468779744473466,62.969522609470516,56.66810885264209,919300,2026-05-25 14:44:35
2026-02-12,^NSEI,NIFTY50,25807.19921875,25906.69921875,25906.69921875,25752.400390625,419400,2026-05-25 14:44:35
2026-02-12,NIFTYBEES.NS,NIFTY_BEES,292.2699890136719,294.7900085449219,294.7900085449219,291.760009765625,4305370,2026-05-25 14:44:35
2026-02-13,NIFTYBEES.NS,NIFTY_BEES,288.8699951171875,290.5400085449219,290.79998779296875,288.5,7449522,2026-05-25 14:44:35
2026-02-13,GOLD,GOLD_INR,60.39640426635742,58.18520817041096,61.34830859974098,56.311145332020956,1069400,2026-05-25 14:44:35
2026-02-13,BZ=F,BRENT_CRUDE,67.75,67.58999633789062,68.05000305175781,66.88999938964844,42167,2026-05-25 14:44:35
2026-02-13,GC=F,GOLD_USD,5022.0,4953.0,5043.89990234375,4946.2001953125,232,2026-05-25 14:44:35
2026-02-13,^NSEI,NIFTY50,25471.099609375,25571.150390625,25630.349609375,25444.30078125,453500,2026-05-25 14:44:35
2026-02-13,USDINR=X,USDINR,90.56410217285156,90.56420135498047,90.7500991821289,90.5072021484375,0,2026-05-25 14:44:35
2026-02-16,USDINR=X,USDINR,90.57119750976562,90.5552978515625,90.8218994140625,90.52210235595703,0,2026-05-25 14:44:35
2026-02-16,NIFTYBEES.NS,NIFTY_BEES,290.760009765625,288.0,290.95001220703125,287.7799987792969,7469317,2026-05-25 14:44:35
2026-02-16,^NSEI,NIFTY50,25682.75,25423.599609375,25697.0,25372.69921875,275800,2026-05-25 14:44:35
2026-02-17,^NSEI,NIFTY50,25725.400390625,25637.94921875,25764.400390625,25570.30078125,344100,2026-05-25 14:44:35
2026-02-17,NIFTYBEES.NS,NIFTY_BEES,291.5199890136719,289.17999267578125,291.8699951171875,289.17999267578125,4380634,2026-05-25 14:44:35
2026-02-17,GC=F,GOLD_USD,4882.89990234375,5020.0,5020.0,4847.7998046875,540,2026-05-25 14:44:35
2026-02-17,GOLD,GOLD_INR,58.19512176513672,59.32551240820878,59.32551240820878,54.74446574465933,1115200,2026-05-25 14:44:35
2026-02-17,BZ=F,BRENT_CRUDE,67.41999816894531,68.05999755859375,69.02999877929688,66.83000183105469,74745,2026-05-25 14:44:35
2026-02-17,USDINR=X,USDINR,90.78299713134766,90.78289794921875,90.79910278320312,90.62220001220703,0,2026-05-25 14:44:35
2026-02-18,BZ=F,BRENT_CRUDE,70.3499984741211,67.51000213623047,70.68000030517578,67.33999633789062,56115,2026-05-25 14:44:35
2026-02-18,GC=F,GOLD_USD,4986.5,4872.2001953125,4987.0,4869.5,544,2026-05-25 14:44:35
2026-02-18,GOLD,GOLD_INR,57.28287887573242,58.50250695668843,58.95466319664017,56.340888600432,725900,2026-05-25 14:44:35
2026-02-18,^NSEI,NIFTY50,25819.349609375,25752.650390625,25828.05078125,25645.150390625,310200,2026-05-25 14:44:35
2026-02-18,USDINR=X,USDINR,90.6261978149414,90.6261978149414,90.7510986328125,90.58200073242188,0,2026-05-25 14:44:35
2026-02-18,NIFTYBEES.NS,NIFTY_BEES,292.20001220703125,291.0,292.3999938964844,290.6099853515625,3331594,2026-05-25 14:44:35
2026-02-19,GOLD,GOLD_INR,58.175289154052734,57.28288027864747,58.68099092106074,55.993842714707746,697400,2026-05-25 14:44:35
2026-02-19,^NSEI,NIFTY50,25454.349609375,25873.349609375,25885.30078125,25388.75,298200,2026-05-25 14:44:35
2026-02-19,USDINR=X,USDINR,90.79350280761719,90.79340362548828,91.21410369873047,90.73480224609375,0,2026-05-25 14:44:35
2026-02-19,BZ=F,BRENT_CRUDE,71.66000366210938,70.05000305175781,72.12999725341797,70.05000305175781,73081,2026-05-25 14:44:35
2026-02-19,GC=F,GOLD_USD,4975.89990234375,5014.7001953125,5014.7001953125,4975.89990234375,37,2026-05-25 14:44:35
2026-02-19,NIFTYBEES.NS,NIFTY_BEES,288.3800048828125,292.20001220703125,293.17999267578125,287.75,7420909,2026-05-25 14:44:35
2026-02-20,NIFTYBEES.NS,NIFTY_BEES,289.2300109863281,289.989990234375,290.29998779296875,287.44000244140625,5911399,2026-05-25 14:44:35
2026-02-20,USDINR=X,USDINR,91.04109954833984,91.04109954833984,91.0907974243164,90.72989654541016,0,2026-05-25 14:44:35
2026-02-20,GC=F,GOLD_USD,5059.2998046875,5039.5,5072.7001953125,5039.5,134,2026-05-25 14:44:35
2026-02-20,^NSEI,NIFTY50,25571.25,25406.55078125,25663.55078125,25379.75,296600,2026-05-25 14:44:35
2026-02-20,BZ=F,BRENT_CRUDE,71.76000213623047,71.73999786376953,72.31999969482422,71.08000183105469,40579,2026-05-25 14:44:35
2026-02-20,GOLD,GOLD_INR,58.52352523803711,57.55841318065399,59.66773033277936,56.99128649417334,743400,2026-05-25 14:44:35
2026-02-23,NIFTYBEES.NS,NIFTY_BEES,290.45001220703125,289.8800048828125,291.20001220703125,289.5,4699647,2026-05-25 14:44:35
2026-02-23,^NSEI,NIFTY50,25713.0,25678.400390625,25771.44921875,25609.349609375,313700,2026-05-25 14:44:35
2026-02-23,BZ=F,BRENT_CRUDE,71.48999786376953,71.23999786376953,72.4800033569336,70.73999786376953,28933,2026-05-25 14:44:35
2026-02-23,USDINR=X,USDINR,90.72660064697266,90.76480102539062,90.97039794921875,90.67179870605469,0,2026-05-25 14:44:35
2026-02-23,GC=F,GOLD_USD,5204.7001953125,5120.2998046875,5211.60009765625,5120.2998046875,779,2026-05-25 14:44:35
2026-02-23,GOLD,GOLD_INR,56.69280242919922,58.702621449538114,60.29455542828674,56.03612918853166,758800,2026-05-25 14:44:35
2026-02-24,USDINR=X,USDINR,91.02010345458984,91.01509857177734,91.02310180664062,90.82479858398438,0,2026-05-25 14:44:35
2026-02-24,BZ=F,BRENT_CRUDE,70.7699966430664,71.47000122070312,72.23999786376953,70.70999908447266,37988,2026-05-25 14:44:35
2026-02-24,GC=F,GOLD_USD,5155.7998046875,5158.7998046875,5159.0,5112.7001953125,88,2026-05-25 14:44:35
2026-02-24,NIFTYBEES.NS,NIFTY_BEES,287.8500061035156,290.45001220703125,290.45001220703125,287.0799865722656,7385045,2026-05-25 14:44:35
2026-02-24,GOLD,GOLD_INR,56.67290115356445,55.717740793727614,57.14053340691932,53.87706694640849,652200,2026-05-25 14:44:35
2026-02-24,^NSEI,NIFTY50,25424.650390625,25641.80078125,25641.80078125,25327.599609375,439100,2026-05-25 14:44:35
2026-02-25,BZ=F,BRENT_CRUDE,70.8499984741211,71.22000122070312,71.76000213623047,70.44999694824219,18491,2026-05-25 14:44:35
2026-02-25,USDINR=X,USDINR,90.91799926757812,90.91809844970703,90.95999908447266,90.85310363769531,0,2026-05-25 14:44:35
2026-02-25,^NSEI,NIFTY50,25482.5,25512.599609375,25652.599609375,25428.19921875,414200,2026-05-25 14:44:35
2026-02-25,GOLD,GOLD_INR,55.89683532714844,57.28978040234809,57.87680297200897,54.71283467005772,600900,2026-05-25 14:44:35
2026-02-25,NIFTYBEES.NS,NIFTY_BEES,288.6300048828125,292.0,292.0,286.010009765625,5638852,2026-05-25 14:44:35
2026-02-25,GC=F,GOLD_USD,5206.39990234375,5166.0,5206.39990234375,5166.0,1772,2026-05-25 14:44:35
2026-02-26,NIFTYBEES.NS,NIFTY_BEES,288.5799865722656,290.1300048828125,290.989990234375,287.79998779296875,4222379,2026-05-25 14:44:35
2026-02-26,GC=F,GOLD_USD,5176.5,5177.2001953125,5199.2001953125,5143.89990234375,1520,2026-05-25 14:44:35
2026-02-26,^NSEI,NIFTY50,25496.55078125,25556.30078125,25572.94921875,25400.94921875,405200,2026-05-25 14:44:35
2026-02-26,GOLD,GOLD_INR,56.0958251953125,55.140661062666105,56.434111622496275,54.23027588263798,515800,2026-05-25 14:44:35
2026-02-26,BZ=F,BRENT_CRUDE,70.75,71.11000061035156,72.58999633789062,69.31999969482422,17725,2026-05-25 14:44:35
2026-02-26,USDINR=X,USDINR,90.95099639892578,90.95120239257812,91.06600189208984,90.80899810791016,0,2026-05-25 14:44:35
2026-02-27,^NSEI,NIFTY50,25178.650390625,25459.849609375,25476.400390625,25141.30078125,438900,2026-05-25 14:44:35
2026-02-27,GOLD,GOLD_INR,57.18033218383789,55.996327773643536,57.33952557569555,55.28990733449202,797800,2026-05-25 14:44:35
2026-02-27,NIFTYBEES.NS,NIFTY_BEES,285.2900085449219,288.70001220703125,289.3900146484375,284.9100036621094,8393306,2026-05-25 14:44:35
2026-02-27,GC=F,GOLD_USD,5230.5,5186.7001953125,5280.0,5176.7001953125,354,2026-05-25 14:44:35
2026-02-27,BZ=F,BRENT_CRUDE,72.4800033569336,70.5,72.98999786376953,70.44000244140625,79435,2026-05-25 14:44:35
2026-02-27,USDINR=X,USDINR,91.00740051269531,91.00740051269531,91.1323013305664,90.89430236816406,0,2026-05-25 14:44:35
2026-03-02,BZ=F,BRENT_CRUDE,77.73999786376953,77.0,82.11000061035156,75.79000091552734,143671,2026-05-25 14:44:35
2026-03-02,GC=F,GOLD_USD,5294.39990234375,5346.60009765625,5405.0,5266.2998046875,72,2026-05-25 14:44:35
2026-03-02,NIFTYBEES.NS,NIFTY_BEES,281.92999267578125,286.25,292.4200134277344,279.010009765625,20163860,2026-05-25 14:44:35
2026-03-02,^NSEI,NIFTY50,24865.69921875,24659.25,24989.349609375,24603.5,519200,2026-05-25 14:44:35
2026-03-02,USDINR=X,USDINR,91.07959747314453,91.07579803466797,91.77850341796875,91.07579803466797,0,2026-05-25 14:44:35
2026-03-02,GOLD,GOLD_INR,56.57340621948242,58.70261925994069,58.8021137066001,54.653133794290845,1011100,2026-05-25 14:44:35
2026-03-03,BZ=F,BRENT_CRUDE,81.4000015258789,78.05000305175781,85.05000305175781,77.37000274658203,229556,2026-05-25 14:44:35
2026-03-03,USDINR=X,USDINR,91.56340026855469,91.56300354003906,92.42130279541016,91.56060028076172,0,2026-05-25 14:44:35
2026-03-03,GC=F,GOLD_USD,5107.39990234375,5298.7001953125,5303.7998046875,5023.0,1776,2026-05-25 14:44:35
2026-03-03,GOLD,GOLD_INR,56.0958251953125,54.73272776478007,56.31471373374685,51.96674119840499,571900,2026-05-25 14:44:35
2026-03-04,GOLD,GOLD_INR,55.72768783569336,56.21521972990635,58.135492141131884,55.71773990928771,590900,2026-05-25 14:44:35
2026-03-04,BZ=F,BRENT_CRUDE,81.4000015258789,81.9000015258789,84.44999694824219,80.30000305175781,152390,2026-05-25 14:44:35
2026-03-04,USDINR=X,USDINR,92.00859832763672,92.00859832763672,92.29630279541016,91.8240966796875,0,2026-05-25 14:44:35
2026-03-04,NIFTYBEES.NS,NIFTY_BEES,277.2900085449219,280.989990234375,280.989990234375,275.510009765625,21718747,2026-05-25 14:44:35
2026-03-04,GC=F,GOLD_USD,5120.2001953125,5130.7001953125,5180.2001953125,5117.2001953125,679,2026-05-25 14:44:35
2026-03-04,^NSEI,NIFTY50,24480.5,24388.80078125,24602.44921875,24305.400390625,599000,2026-05-25 14:44:35
2026-03-05,USDINR=X,USDINR,92.12300109863281,92.12310028076172,92.1708984375,91.32669830322266,0,2026-05-25 14:44:35
2026-03-05,BZ=F,BRENT_CRUDE,85.41000366210938,82.43000030517578,86.27999877929688,81.5199966430664,146018,2026-05-25 14:44:35
2026-03-05,GC=F,GOLD_USD,5065.2998046875,5169.5,5169.5,5054.7001953125,1701,2026-05-25 14:44:35
2026-03-05,NIFTYBEES.NS,NIFTY_BEES,280.3500061035156,285.6099853515625,285.6099853515625,277.8399963378906,10159364,2026-05-25 14:44:35
2026-03-05,GOLD,GOLD_INR,54.32479476928711,55.011319349273464,55.68490517266333,52.921901830165616,592600,2026-05-25 14:44:35
2026-03-05,^NSEI,NIFTY50,24765.900390625,24615.94921875,24854.19921875,24529.400390625,504300,2026-05-25 14:44:35
2026-03-06,GC=F,GOLD_USD,5146.10009765625,5121.0,5146.10009765625,5076.10009765625,148,2026-05-25 14:44:35
2026-03-06,GOLD,GOLD_INR,52.155784606933594,53.31988940624849,54.1258081134665,52.125937031082174,455300,2026-05-25 14:44:35
2026-03-06,USDINR=X,USDINR,91.78690338134766,91.78690338134766,91.96649932861328,91.55979919433594,0,2026-05-25 14:44:35
2026-03-06,^NSEI,NIFTY50,24450.44921875,24656.400390625,24700.900390625,24415.75,433400,2026-05-25 14:44:35
2026-03-06,NIFTYBEES.NS,NIFTY_BEES,277.25,280.5199890136719,280.5199890136719,276.8500061035156,8713874,2026-05-25 14:44:35
2026-03-06,BZ=F,BRENT_CRUDE,92.69000244140625,84.83999633789062,94.55000305175781,83.16999816894531,197523,2026-05-25 14:44:35
2026-03-09,BZ=F,BRENT_CRUDE,98.95999908447266,98.36000061035156,119.4000015258789,83.87999725341797,235965,2026-05-25 14:44:35
2026-03-09,GC=F,GOLD_USD,5091.5,5155.0,5160.60009765625,5077.7001953125,639,2026-05-25 14:44:35
2026-03-09,GOLD,GOLD_INR,49.847476959228516,50.81258903451927,51.01158172366281,47.75806321189601,915800,2026-05-25 14:44:35
2026-03-09,USDINR=X,USDINR,91.93620300292969,91.94029998779297,92.34880065917969,91.94029998779297,0,2026-05-25 14:44:35
2026-03-09,^NSEI,NIFTY50,24028.05078125,23868.05078125,24078.150390625,23697.80078125,526900,2026-05-25 14:44:35
2026-03-09,NIFTYBEES.NS,NIFTY_BEES,272.4200134277344,274.80999755859375,274.80999755859375,268.75,26564816,2026-05-25 14:44:35
2026-03-10,BZ=F,BRENT_CRUDE,87.80000305175781,92.44999694824219,95.08000183105469,81.16000366210938,144614,2026-05-25 14:44:35
2026-03-10,USDINR=X,USDINR,91.220703125,91.220703125,92.46659851074219,90.86039733886719,0,2026-05-25 14:44:35
2026-03-10,^NSEI,NIFTY50,24261.599609375,24280.80078125,24303.80078125,24079.94921875,444300,2026-05-25 14:44:35
2026-03-10,NIFTYBEES.NS,NIFTY_BEES,274.95001220703125,276.2900085449219,276.2900085449219,272.8500061035156,10445421,2026-05-25 14:44:35
2026-03-10,GC=F,GOLD_USD,5229.7001953125,5138.2001953125,5229.7001953125,5137.60009765625,4300,2026-05-25 14:44:35
2026-03-10,GOLD,GOLD_INR,50.39470672607422,50.23551333725606,52.28512774385621,49.74798144904868,528300,2026-05-25 14:44:35
2026-03-11,GC=F,GOLD_USD,5167.39990234375,5190.7998046875,5191.2998046875,5167.39990234375,633,2026-05-25 14:44:35
2026-03-11,^NSEI,NIFTY50,23866.849609375,24231.849609375,24299.0,23834.30078125,407400,2026-05-25 14:44:35
2026-03-11,USDINR=X,USDINR,92.16510009765625,92.16510009765625,92.20580291748047,89.06490325927734,0,2026-05-25 14:44:35
2026-03-11,BZ=F,BRENT_CRUDE,91.9800033569336,91.30000305175781,93.25,86.31999969482422,101940,2026-05-25 14:44:35
2026-03-11,NIFTYBEES.NS,NIFTY_BEES,270.55999755859375,274.70001220703125,275.3900146484375,270.20001220703125,15228172,2026-05-25 14:44:35
2026-03-11,GOLD,GOLD_INR,50.215614318847656,49.81762894407723,50.46435422921172,48.75302243135662,478800,2026-05-25 14:44:35
2026-03-12,GC=F,GOLD_USD,5115.7998046875,5137.2001953125,5137.2001953125,5115.7998046875,410,2026-05-25 14:44:35
2026-03-12,GOLD,GOLD_INR,48.69332504272461,49.668385067058,49.82758225842993,47.917257712136184,461200,2026-05-25 14:44:35
2026-03-12,BZ=F,BRENT_CRUDE,100.45999908447266,93.73999786376953,101.80000305175781,93.69999694824219,92219,2026-05-25 14:44:35
2026-03-12,^NSEI,NIFTY50,23639.150390625,23674.849609375,23833.150390625,23556.30078125,501000,2026-05-25 14:44:35
2026-03-12,USDINR=X,USDINR,92.22879791259766,92.22879791259766,92.6946029663086,91.9843978881836,0,2026-05-25 14:44:35
2026-03-12,NIFTYBEES.NS,NIFTY_BEES,267.94000244140625,266.30999755859375,270.0,266.30999755859375,13251982,2026-05-25 14:44:35
2026-03-13,BZ=F,BRENT_CRUDE,103.13999938964844,101.66000366210938,103.9000015258789,97.55000305175781,71698,2026-05-25 14:44:35
2026-03-13,^NSEI,NIFTY50,23151.099609375,23462.5,23492.400390625,23112.0,519800,2026-05-25 14:44:35
2026-03-13,GC=F,GOLD_USD,5052.5,5089.60009765625,5117.0,5009.5,479,2026-05-25 14:44:35
2026-03-13,NIFTYBEES.NS,NIFTY_BEES,262.69000244140625,267.989990234375,267.989990234375,262.0,25235358,2026-05-25 14:44:35
2026-03-13,GOLD,GOLD_INR,47.230735778808594,48.76297075456239,48.952015517078074,46.81285075235221,399700,2026-05-25 14:44:35
2026-03-13,USDINR=X,USDINR,92.38990020751953,92.38980102539062,92.4990005493164,92.25140380859375,0,2026-05-25 14:44:35
2026-03-16,NIFTYBEES.NS,NIFTY_BEES,265.17999267578125,262.0,266.0,260.010009765625,15483076,2026-05-25 14:44:35
2026-03-16,BZ=F,BRENT_CRUDE,100.20999908447266,105.51000213623047,106.51000213623047,99.55999755859375,77839,2026-05-25 14:44:35
2026-03-16,^NSEI,NIFTY50,23408.80078125,23116.099609375,23502.0,22955.25,540300,2026-05-25 14:44:35
2026-03-16,GC=F,GOLD_USD,4994.0,5001.60009765625,5010.60009765625,4994.0,130,2026-05-25 14:44:35
2026-03-16,GOLD,GOLD_INR,46.48451614379883,48.04660249339155,48.75302293521351,46.295471380867696,478400,2026-05-25 14:44:35
2026-03-16,USDINR=X,USDINR,92.5635986328125,92.58470153808594,92.82080078125,92.14459991455078,0,2026-05-25 14:44:35
2026-03-17,USDINR=X,USDINR,92.28269958496094,92.28269958496094,92.47550201416016,92.26679992675781,0,2026-05-25 14:44:35
2026-03-17,^NSEI,NIFTY50,23581.150390625,23493.19921875,23656.80078125,23346.599609375,458800,2026-05-25 14:44:35
2026-03-17,GC=F,GOLD_USD,5001.0,5017.60009765625,5017.60009765625,4994.2001953125,239,2026-05-25 14:44:35
2026-03-17,NIFTYBEES.NS,NIFTY_BEES,267.1600036621094,266.67999267578125,267.75,264.6099853515625,9612638,2026-05-25 14:44:35
2026-03-17,GOLD,GOLD_INR,47.648616790771484,47.001895298817004,48.04660216695104,46.63375749743647,471400,2026-05-25 14:44:35
2026-03-17,BZ=F,BRENT_CRUDE,103.41999816894531,101.37000274658203,104.9800033569336,100.76000213623047,65199,2026-05-25 14:44:35
2026-03-18,GC=F,GOLD_USD,4889.89990234375,4949.60009765625,4949.60009765625,4821.7001953125,1461,2026-05-25 14:44:35
2026-03-18,NIFTYBEES.NS,NIFTY_BEES,269.42999267578125,269.3500061035156,270.0299987792969,267.1400146484375,9512486,2026-05-25 14:44:35
2026-03-18,USDINR=X,USDINR,92.39129638671875,92.39129638671875,92.91960144042969,92.3239974975586,0,2026-05-25 14:44:35
2026-03-18,^NSEI,NIFTY50,23777.80078125,23632.900390625,23862.25,23618.44921875,382900,2026-05-25 14:44:35
2026-03-18,GOLD,GOLD_INR,45.77809143066406,46.81285036862958,47.011843056002924,45.47960429733896,511600,2026-05-25 14:44:35
2026-03-18,BZ=F,BRENT_CRUDE,107.37999725341797,103.44999694824219,111.86000061035156,100.33999633789062,73104,2026-05-25 14:44:35
2026-03-19,GOLD,GOLD_INR,43.74837875366211,44.17621172370449,44.52444609677619,43.18125203439105,538000,2026-05-25 14:44:35
2026-03-19,GC=F,GOLD_USD,4600.7001953125,4830.2998046875,4830.2998046875,4554.0,627,2026-05-25 14:44:35
2026-03-19,USDINR=X,USDINR,93.24659729003906,93.24659729003906,93.40709686279297,92.80950164794922,0,2026-05-25 14:44:35
2026-03-19,NIFTYBEES.NS,NIFTY_BEES,262.1199951171875,267.989990234375,267.989990234375,261.6000061035156,26951355,2026-05-25 14:44:35
2026-03-19,BZ=F,BRENT_CRUDE,108.6500015258789,109.66000366210938,119.12000274658203,103.75,87485,2026-05-25 14:44:35
2026-03-19,^NSEI,NIFTY50,23002.150390625,23197.75,23378.69921875,22930.349609375,550100,2026-05-25 14:44:35
2026-03-20,^NSEI,NIFTY50,23114.5,23110.150390625,23345.150390625,23067.599609375,663300,2026-05-25 14:44:35
2026-03-20,GC=F,GOLD_USD,4570.39990234375,4686.89990234375,4686.89990234375,4570.39990234375,235,2026-05-25 14:44:35
2026-03-20,BZ=F,BRENT_CRUDE,112.19000244140625,107.66999816894531,113.11000061035156,105.0999984741211,57217,2026-05-25 14:44:35
2026-03-20,NIFTYBEES.NS,NIFTY_BEES,262.07000732421875,265.989990234375,265.989990234375,261.5,12105983,2026-05-25 14:44:35
2026-03-20,USDINR=X,USDINR,93.0822982788086,93.0822982788086,93.81780242919922,92.7781982421875,0,2026-05-25 14:44:35
2026-03-20,GOLD,GOLD_INR,42.046993255615234,44.106563228659944,44.255804899291974,41.400271758603395,1072700,2026-05-25 14:44:35
2026-03-23,^NSEI,NIFTY50,22512.650390625,22824.349609375,22851.69921875,22471.25,550300,2026-05-25 14:44:35
2026-03-23,GC=F,GOLD_USD,4404.10009765625,4353.0,4480.39990234375,4100.7998046875,544,2026-05-25 14:44:35
2026-03-23,USDINR=X,USDINR,93.89530181884766,94.04840087890625,94.13150024414062,92.85369873046875,0,2026-05-25 14:44:35
2026-03-23,NIFTYBEES.NS,NIFTY_BEES,255.14999389648438,261.3900146484375,261.44000244140625,254.8000030517578,28233942,2026-05-25 14:44:35
2026-03-23,BZ=F,BRENT_CRUDE,99.94000244140625,114.9000015258789,115.0999984741211,96.25,113332,2026-05-25 14:44:35
2026-03-23,GOLD,GOLD_INR,43.67873001098633,42.78326481071369,45.25076427922405,42.78326481071369,858300,2026-05-25 14:44:35
2026-03-24,USDINR=X,USDINR,93.24369812011719,93.24369812011719,93.94580078125,93.24369812011719,0,2026-05-25 14:44:35
2026-03-24,BZ=F,BRENT_CRUDE,104.48999786376953,100.5,105.04000091552734,98.08999633789062,68614,2026-05-25 14:44:35
2026-03-24,GC=F,GOLD_USD,4399.2998046875,4338.7001953125,4399.2998046875,4325.2001953125,378,2026-05-25 14:44:35
2026-03-24,^NSEI,NIFTY50,22912.400390625,22878.44921875,23057.30078125,22624.19921875,538100,2026-05-25 14:44:35
2026-03-24,GOLD,GOLD_INR,43.28074645996094,43.18125200927547,44.28565407557622,42.80316626482467,632300,2026-05-25 14:44:35
2026-03-24,NIFTYBEES.NS,NIFTY_BEES,259.8299865722656,259.0,261.5,256.5899963378906,22805261,2026-05-25 14:44:35
2026-03-25,BZ=F,BRENT_CRUDE,102.22000122070312,99.98999786376953,103.4000015258789,97.1500015258789,53714,2026-05-25 14:44:35
2026-03-25,NIFTYBEES.NS,NIFTY_BEES,264.05999755859375,263.989990234375,265.8999938964844,255.89999389648438,14393659,2026-05-25 14:44:35
2026-03-25,USDINR=X,USDINR,94.29969787597656,94.29969787597656,94.29969787597656,93.67649841308594,0,2026-05-25 14:44:35
2026-03-25,^NSEI,NIFTY50,23306.44921875,23064.400390625,23465.349609375,23063.19921875,505400,2026-05-25 14:44:35
2026-03-25,GOLD,GOLD_INR,42.9126091003418,44.77318251083845,44.77318251083845,42.65889333671553,580800,2026-05-25 14:44:35
2026-03-25,GC=F,GOLD_USD,4549.7998046875,4549.0,4551.89990234375,4541.7998046875,388,2026-05-25 14:44:35
2026-03-26,GC=F,GOLD_USD,4375.5,4441.5,4443.10009765625,4375.5,1070,2026-05-25 14:44:35
2026-03-26,GOLD,GOLD_INR,39.36060333251953,42.086790524226686,42.37532972053334,38.70393014516594,836500,2026-05-25 14:44:35
2026-03-26,USDINR=X,USDINR,94.6937026977539,94.6937026977539,94.6937026977539,93.80010223388672,0,2026-05-25 14:44:35
2026-03-26,BZ=F,BRENT_CRUDE,108.01000213623047,103.08000183105469,109.05999755859375,102.77999877929688,28970,2026-05-25 14:44:35
2026-03-27,USDINR=X,USDINR,94.30950164794922,94.30950164794922,94.9446029663086,94.09410095214844,0,2026-05-25 14:44:35
2026-03-27,GC=F,GOLD_USD,4492.0,4492.0,4492.0,4492.0,74348,2026-05-25 14:44:35
2026-03-27,NIFTYBEES.NS,NIFTY_BEES,258.8900146484375,265.1000061035156,265.20001220703125,258.6499938964844,18765903,2026-05-25 14:44:35
2026-03-27,BZ=F,BRENT_CRUDE,112.56999969482422,106.22000122070312,114.80999755859375,105.25,18402,2026-05-25 14:44:35
2026-03-27,GOLD,GOLD_INR,39.22130584716797,39.24120549474457,40.290888182724814,38.49498579023557,907800,2026-05-25 14:44:35
2026-03-27,^NSEI,NIFTY50,22819.599609375,23173.55078125,23186.099609375,22804.55078125,612600,2026-05-25 14:44:35
2026-03-30,NIFTYBEES.NS,NIFTY_BEES,253.44000244140625,258.4200134277344,258.4200134277344,252.5500030517578,27127660,2026-05-25 14:44:35
2026-03-30,BZ=F,BRENT_CRUDE,112.77999877929688,116.13999938964844,116.87000274658203,111.5,15053,2026-05-25 14:44:35
2026-03-30,GOLD,GOLD_INR,37.78856658935547,39.420299788122726,39.877984106081925,37.57962597632376,765400,2026-05-25 14:44:35
2026-03-30,^NSEI,NIFTY50,22331.400390625,22549.650390625,22714.099609375,22283.849609375,698600,2026-05-25 14:44:35
2026-03-30,GC=F,GOLD_USD,4526.0,4482.7998046875,4579.10009765625,4413.39990234375,10816,2026-05-25 14:44:35
2026-03-30,USDINR=X,USDINR,94.78179931640625,94.78179931640625,95.14540100097656,92.64700317382812,0,2026-05-25 14:44:35
2026-03-31,GOLD,GOLD_INR,39.87798309326172,39.22130610532067,40.37546289954211,38.53976119981715,623400,2026-05-25 14:44:35
2026-03-31,USDINR=X,USDINR,94.35590362548828,94.35590362548828,94.90390014648438,93.48079681396484,0,2026-05-25 14:44:35
2026-03-31,GC=F,GOLD_USD,4647.60009765625,4510.0,4684.10009765625,4508.60009765625,4264,2026-05-25 14:44:35
2026-03-31,BZ=F,BRENT_CRUDE,118.3499984741211,114.7300033569336,119.2699966430664,111.0,69949,2026-05-25 14:44:35
2026-04-01,GOLD,GOLD_INR,41.599266052246094,40.82319491225009,41.748507728632624,40.44511296236154,627300,2026-05-25 14:44:35
2026-04-01,BZ=F,BRENT_CRUDE,101.16000366210938,103.9000015258789,105.9000015258789,98.45999908447266,61629,2026-05-25 14:44:35
2026-04-01,GC=F,GOLD_USD,4783.2001953125,4668.39990234375,4789.10009765625,4668.0,1637,2026-05-25 14:44:35
2026-04-01,USDINR=X,USDINR,93.48429870605469,93.48429870605469,93.87799835205078,92.76249694824219,0,2026-05-25 14:44:35
2026-04-01,^NSEI,NIFTY50,22679.400390625,22899.0,22941.30078125,22618.599609375,518000,2026-05-25 14:44:35
2026-04-01,NIFTYBEES.NS,NIFTY_BEES,257.45001220703125,258.3399963378906,260.07000732421875,257.04998779296875,16273357,2026-05-25 14:44:35
2026-04-02,BZ=F,BRENT_CRUDE,109.02999877929688,100.30000305175781,109.70999908447266,99.0199966430664,0,2026-05-25 14:44:35
2026-04-02,NIFTYBEES.NS,NIFTY_BEES,257.6099853515625,256.989990234375,259.2900085449219,251.6999969482422,21918815,2026-05-25 14:44:35
2026-04-02,GC=F,GOLD_USD,4651.5,4764.89990234375,4784.39990234375,4558.89990234375,0,2026-05-25 14:44:35
2026-04-02,USDINR=X,USDINR,92.6426010131836,92.6426010131836,93.7323989868164,92.48049926757812,0,2026-05-25 14:44:35
2026-04-02,^NSEI,NIFTY50,22713.099609375,22383.400390625,22782.30078125,22182.55078125,495100,2026-05-25 14:44:35
2026-04-02,GOLD,GOLD_INR,41.06198501586914,39.3506532114494,41.25600184305977,38.97256748351414,454700,2026-05-25 14:44:35
2026-04-03,USDINR=X,USDINR,92.97360229492188,92.97370147705078,92.98500061035156,92.51170349121094,0,2026-05-25 14:44:35
2026-04-06,BZ=F,BRENT_CRUDE,109.7699966430664,109.19999694824219,111.87000274658203,106.8499984741211,27863,2026-05-25 14:44:35
2026-04-06,^NSEI,NIFTY50,22968.25,22780.30078125,22998.349609375,22542.94921875,426400,2026-05-25 14:44:35
2026-04-06,GC=F,GOLD_USD,4656.7998046875,4656.10009765625,4689.60009765625,4605.0,148,2026-05-25 14:44:35
2026-04-06,GOLD,GOLD_INR,42.36538314819336,40.83314439691878,42.643970631890625,40.83314439691878,523900,2026-05-25 14:44:35
2026-04-06,USDINR=X,USDINR,92.97100067138672,92.97100067138672,93.21769714355469,92.49739837646484,0,2026-05-25 14:44:35
2026-04-06,NIFTYBEES.NS,NIFTY_BEES,260.25,257.0,260.6000061035156,255.41000366210938,15631911,2026-05-25 14:44:35
2026-04-07,^NSEI,NIFTY50,23123.650390625,22838.69921875,23153.849609375,22719.30078125,477000,2026-05-25 14:44:35
2026-04-07,GC=F,GOLD_USD,4657.10009765625,4624.89990234375,4676.2998046875,4608.0,327,2026-05-25 14:44:35
2026-04-07,USDINR=X,USDINR,92.81659698486328,92.81659698486328,93.14399719238281,92.7522964477539,0,2026-05-25 14:44:35
2026-04-07,BZ=F,BRENT_CRUDE,109.2699966430664,109.58999633789062,111.80000305175781,104.56999969482422,65194,2026-05-25 14:44:35
2026-04-07,GOLD,GOLD_INR,43.25089645385742,42.405178488666394,43.400138121500696,41.67885841215372,661000,2026-05-25 14:44:35
2026-04-07,NIFTYBEES.NS,NIFTY_BEES,261.4700012207031,260.3900146484375,261.79998779296875,257.4100036621094,11036818,2026-05-25 14:44:35
2026-04-08,GOLD,GOLD_INR,45.52935028076172,46.11637660502267,47.65856704357701,45.31543381186655,877500,2026-05-25 14:44:35
2026-04-08,USDINR=X,USDINR,92.86019897460938,92.86019897460938,92.86029815673828,92.22329711914062,0,2026-05-25 14:44:35
2026-04-08,NIFTYBEES.NS,NIFTY_BEES,271.67999267578125,269.30999755859375,272.0,265.010009765625,20203354,2026-05-25 14:44:35
2026-04-08,BZ=F,BRENT_CRUDE,94.75,103.4000015258789,104.0,90.01000213623047,82140,2026-05-25 14:44:35
2026-04-08,^NSEI,NIFTY50,23997.349609375,23855.150390625,24025.150390625,23828.5,639300,2026-05-25 14:44:35
2026-04-08,GC=F,GOLD_USD,4749.5,4760.0,4851.0,4738.7998046875,405,2026-05-25 14:44:35
2026-04-09,GC=F,GOLD_USD,4792.2001953125,4711.0,4799.10009765625,4711.0,1277,2026-05-25 14:44:35
2026-04-09,USDINR=X,USDINR,92.2748031616211,92.2748031616211,92.94450378417969,91.96600341796875,0,2026-05-25 14:44:35
2026-04-09,BZ=F,BRENT_CRUDE,95.91999816894531,96.52999877929688,99.5199966430664,94.33999633789062,54501,2026-05-25 14:44:35
2026-04-09,^NSEI,NIFTY50,23775.099609375,23909.05078125,23990.75,23682.80078125,466600,2026-05-25 14:44:35
2026-04-09,NIFTYBEES.NS,NIFTY_BEES,269.489990234375,267.70001220703125,272.489990234375,267.70001220703125,10726135,2026-05-25 14:44:35
2026-04-09,GOLD,GOLD_INR,43.89761734008789,45.11146929016495,45.26071475124547,43.798122896347365,470300,2026-05-25 14:44:35
2026-04-10,^NSEI,NIFTY50,24050.599609375,23880.55078125,24074.05078125,23856.349609375,481300,2026-05-25 14:44:35
2026-04-10,GC=F,GOLD_USD,4761.89990234375,4745.89990234375,4791.0,4744.89990234375,812,2026-05-25 14:44:35
2026-04-10,NIFTYBEES.NS,NIFTY_BEES,271.95001220703125,271.989990234375,272.20001220703125,270.0,11042542,2026-05-25 14:44:35
2026-04-10,GOLD,GOLD_INR,43.758323669433594,44.38514929329929,44.60404162443614,43.5792306340434,305200,2026-05-25 14:44:35
2026-04-10,USDINR=X,USDINR,92.46980285644531,92.46980285644531,93.07350158691406,92.40499877929688,0,2026-05-25 14:44:35
2026-04-10,BZ=F,BRENT_CRUDE,95.19999694824219,96.37999725341797,98.25,94.23999786376953,35012,2026-05-25 14:44:35
2026-04-13,USDINR=X,USDINR,94.50879669189453,94.51210021972656,94.91320037841797,93.21920013427734,0,2026-05-25 14:44:35
2026-04-13,^NSEI,NIFTY50,23842.650390625,23589.599609375,23907.400390625,23555.599609375,488800,2026-05-25 14:44:35
2026-04-13,GC=F,GOLD_USD,4742.39990234375,4704.0,4742.39990234375,4704.0,32,2026-05-25 14:44:35
2026-04-13,BZ=F,BRENT_CRUDE,99.36000061035156,99.70999908447266,103.86000061035156,97.63999938964844,50559,2026-05-25 14:44:35
2026-04-13,NIFTYBEES.NS,NIFTY_BEES,269.5199890136719,268.95001220703125,270.3500061035156,266.7799987792969,12023953,2026-05-25 14:44:35
2026-04-13,GOLD,GOLD_INR,43.738426208496094,43.002158177718066,43.837924452837676,42.80117665825899,408800,2026-05-25 14:44:35
2026-04-14,BZ=F,BRENT_CRUDE,94.79000091552734,98.41999816894531,99.41000366210938,94.43000030517578,40991,2026-05-25 14:44:35
2026-04-14,GOLD,GOLD_INR,44.28565216064453,43.857823004820524,45.36021039983926,43.410090405156055,460300,2026-05-25 14:44:35
2026-04-14,USDINR=X,USDINR,94.9468002319336,94.94999694824219,95.14800262451172,93.0062026977539,0,2026-05-25 14:44:35
2026-04-14,GC=F,GOLD_USD,4825.0,4770.10009765625,4841.60009765625,4770.10009765625,288,2026-05-25 14:44:35
2026-04-15,NIFTYBEES.NS,NIFTY_BEES,273.7699890136719,273.8500061035156,274.3900146484375,272.0,11252672,2026-05-25 14:44:35
2026-04-15,^NSEI,NIFTY50,24231.30078125,24163.80078125,24280.900390625,24145.80078125,460300,2026-05-25 14:44:35
2026-04-15,BZ=F,BRENT_CRUDE,94.93000030517578,95.5199966430664,96.88999938964844,91.0,41928,2026-05-25 14:44:35
2026-04-15,GOLD,GOLD_INR,44.76323699951172,43.87771970944414,44.942326247384024,43.78817318777304,318000,2026-05-25 14:44:35
2026-04-15,USDINR=X,USDINR,93.16539764404297,93.16539764404297,93.49500274658203,93.08529663085938,0,2026-05-25 14:44:35
2026-04-15,GC=F,GOLD_USD,4800.0,4843.60009765625,4843.60009765625,4798.0,182,2026-05-25 14:44:35
2026-04-16,GC=F,GOLD_USD,4785.39990234375,4810.89990234375,4810.89990234375,4785.39990234375,805,2026-05-25 14:44:35
2026-04-16,USDINR=X,USDINR,93.38680267333984,93.38690185546875,93.38729858398438,92.98609924316406,0,2026-05-25 14:44:35
2026-04-16,BZ=F,BRENT_CRUDE,99.38999938964844,94.91000366210938,99.83999633789062,94.41999816894531,36540,2026-05-25 14:44:35
2026-04-16,GOLD,GOLD_INR,46.4049186706543,45.6288513381038,47.376001044940466,45.55821005130937,732000,2026-05-25 14:44:35
2026-04-16,NIFTYBEES.NS,NIFTY_BEES,273.95001220703125,274.0,275.8299865722656,273.0,12557328,2026-05-25 14:44:35
2026-04-16,^NSEI,NIFTY50,24196.75,24385.19921875,24400.94921875,24102.80078125,508000,2026-05-25 14:44:35
2026-04-17,USDINR=X,USDINR,93.04789733886719,93.04789733886719,93.04820251464844,92.35169982910156,0,2026-05-25 14:44:35
2026-04-17,BZ=F,BRENT_CRUDE,90.37999725341797,98.25,98.97000122070312,86.08000183105469,85233,2026-05-25 14:44:35
2026-04-17,^NSEI,NIFTY50,24353.55078125,24165.900390625,24371.900390625,24096.05078125,498600,2026-05-25 14:44:35
2026-04-17,GC=F,GOLD_USD,4857.60009765625,4771.60009765625,4879.7001953125,4767.2001953125,1902,2026-05-25 14:44:35
2026-04-17,GOLD,GOLD_INR,47.937156677246094,47.41977719907745,49.578841632886395,47.061591114539944,678000,2026-05-25 14:44:35
2026-04-17,NIFTYBEES.NS,NIFTY_BEES,275.8699951171875,274.2900085449219,276.19000244140625,273.0,10218652,2026-05-25 14:44:35
2026-04-20,USDINR=X,USDINR,92.60330200195312,92.60330200195312,93.23500061035156,92.60330200195312,0,2026-05-25 14:44:35
2026-04-20,NIFTYBEES.NS,NIFTY_BEES,275.2099914550781,275.8699951171875,276.6099853515625,274.1199951171875,10137601,2026-05-25 14:44:35
2026-04-20,BZ=F,BRENT_CRUDE,95.4800033569336,96.20999908447266,97.80999755859375,92.7699966430664,46389,2026-05-25 14:44:35
2026-04-20,GOLD,GOLD_INR,48.3848876953125,48.05654919676993,48.91221508276234,47.31032947695838,741000,2026-05-25 14:44:35
2026-04-20,^NSEI,NIFTY50,24364.849609375,24391.5,24480.650390625,24241.25,415900,2026-05-25 14:44:35
2026-04-20,GC=F,GOLD_USD,4806.60009765625,4793.89990234375,4811.0,4770.0,724,2026-05-25 14:44:35
2026-04-21,GC=F,GOLD_USD,4698.39990234375,4698.39990234375,4705.0,4676.39990234375,1197,2026-05-25 14:44:35
2026-04-21,^NSEI,NIFTY50,24576.599609375,24374.55078125,24601.69921875,24354.900390625,425800,2026-05-25 14:44:35
2026-04-21,NIFTYBEES.NS,NIFTY_BEES,277.6300048828125,276.4800109863281,277.8299865722656,275.2099914550781,8328001,2026-05-25 14:44:35
2026-04-21,USDINR=X,USDINR,93.12359619140625,93.12359619140625,93.61399841308594,93.0457992553711,0,2026-05-25 14:44:35
2026-04-21,BZ=F,BRENT_CRUDE,98.4800033569336,93.98999786376953,101.1500015258789,93.87000274658203,50039,2026-05-25 14:44:35
2026-04-21,GOLD,GOLD_INR,45.56915283203125,48.374938841209655,48.688353571210115,45.2308663871779,587300,2026-05-25 14:44:35
2026-04-22,GC=F,GOLD_USD,4732.5,4754.2001953125,4754.2001953125,4732.5,765,2026-05-25 14:44:35
2026-04-22,NIFTYBEES.NS,NIFTY_BEES,275.6400146484375,275.5199890136719,277.3800048828125,275.3500061035156,9386982,2026-05-25 14:44:35
2026-04-22,USDINR=X,USDINR,93.622802734375,93.622802734375,93.86000061035156,93.48799896240234,0,2026-05-25 14:44:35
2026-04-22,^NSEI,NIFTY50,24378.099609375,24470.849609375,24515.94921875,24352.900390625,440500,2026-05-25 14:44:35
2026-04-22,BZ=F,BRENT_CRUDE,101.91000366210938,98.9000015258789,102.30999755859375,96.54000091552734,39837,2026-05-25 14:44:35
2026-04-22,GOLD,GOLD_INR,47.031742095947266,46.74320289276157,47.77796181734283,46.03479364125809,603000,2026-05-25 14:44:35
2026-04-23,GC=F,GOLD_USD,4705.10009765625,4711.5,4732.39990234375,4705.10009765625,292,2026-05-25 14:44:35
2026-04-23,NIFTYBEES.NS,NIFTY_BEES,273.760009765625,274.3800048828125,274.9800109863281,273.0199890136719,7079200,2026-05-25 14:44:35
2026-04-23,GOLD,GOLD_INR,46.66360855102539,46.80290229310197,47.75806263488696,45.430851342708,532800,2026-05-25 14:44:35
2026-04-23,^NSEI,NIFTY50,24173.05078125,24202.349609375,24310.19921875,24134.80078125,467500,2026-05-25 14:44:35
2026-04-23,USDINR=X,USDINR,93.80049896240234,93.80049896240234,94.1500015258789,93.80049896240234,0,2026-05-25 14:44:35
2026-04-23,BZ=F,BRENT_CRUDE,105.06999969482422,101.58000183105469,107.36000061035156,101.27999877929688,54489,2026-05-25 14:44:35
2026-04-24,GC=F,GOLD_USD,4722.2998046875,4695.0,4722.2998046875,4657.5,45,2026-05-25 14:44:35
2026-04-24,^NSEI,NIFTY50,23897.94921875,24100.55078125,24206.0,23813.650390625,438400,2026-05-25 14:44:35
2026-04-24,GOLD,GOLD_INR,46.77305221557617,47.240684473015804,47.3998778677125,45.78804427197472,464900,2026-05-25 14:44:35
2026-04-24,NIFTYBEES.NS,NIFTY_BEES,271.0899963378906,271.30999755859375,274.94000244140625,270.1000061035156,10962751,2026-05-25 14:44:35
2026-04-24,USDINR=X,USDINR,94.11289978027344,94.11289978027344,94.37580108642578,93.93599700927734,0,2026-05-25 14:44:35
2026-04-24,BZ=F,BRENT_CRUDE,105.33000183105469,106.27999877929688,107.45999908447266,103.4000015258789,52646,2026-05-25 14:44:35
2026-04-27,GOLD,GOLD_INR,46.9720458984375,46.763105275142216,47.6088194906536,45.608952190383036,497900,2026-05-25 14:44:35
2026-04-27,^NSEI,NIFTY50,24092.69921875,23945.44921875,24130.69921875,23936.19921875,430300,2026-05-25 14:44:35
2026-04-27,GC=F,GOLD_USD,4675.39990234375,4707.60009765625,4711.10009765625,4675.39990234375,538,2026-05-25 14:44:35
2026-04-27,NIFTYBEES.NS,NIFTY_BEES,272.5199890136719,271.5,272.8999938964844,271.3500061035156,7931311,2026-05-25 14:44:35
2026-04-27,USDINR=X,USDINR,94.25029754638672,94.25029754638672,94.29509735107422,93.99649810791016,0,2026-05-25 14:44:35
2026-04-27,BZ=F,BRENT_CRUDE,108.2300033569336,106.5,109.79000091552734,105.8499984741211,29439,2026-05-25 14:44:35
2026-04-28,GC=F,GOLD_USD,4591.5,4680.89990234375,4680.89990234375,4591.5,2660,2026-05-25 14:44:35
2026-04-28,GOLD,GOLD_INR,45.48955535888672,46.2656226533605,46.8725486330776,44.992075545409726,529000,2026-05-25 14:44:35
2026-04-28,USDINR=X,USDINR,94.25849914550781,94.25849914550781,94.72129821777344,94.13590240478516,0,2026-05-25 14:44:35
2026-04-28,^NSEI,NIFTY50,23995.69921875,24049.900390625,24181.80078125,23957.05078125,554100,2026-05-25 14:44:35
2026-04-28,NIFTYBEES.NS,NIFTY_BEES,271.4800109863281,273.25,273.29998779296875,271.1000061035156,6137965,2026-05-25 14:44:35
2026-04-28,BZ=F,BRENT_CRUDE,111.26000213623047,108.30000305175781,112.69000244140625,107.91999816894531,23451,2026-05-25 14:44:35
2026-04-29,NIFTYBEES.NS,NIFTY_BEES,273.1300048828125,274.0,275.0,271.6199951171875,7694349,2026-05-25 14:44:35
2026-04-29,^NSEI,NIFTY50,24177.650390625,24096.900390625,24334.69921875,24059.94921875,531100,2026-05-25 14:44:35
2026-04-29,USDINR=X,USDINR,94.64550018310547,94.64550018310547,94.86689758300781,94.57050323486328,0,2026-05-25 14:44:35
2026-04-29,GC=F,GOLD_USD,4545.2001953125,4598.60009765625,4601.60009765625,4515.7001953125,507,2026-05-25 14:44:35
2026-04-29,GOLD,GOLD_INR,44.942325592041016,45.27066409853726,45.61093935773765,44.12645898225442,402300,2026-05-25 14:44:35
2026-04-29,BZ=F,BRENT_CRUDE,118.02999877929688,111.01000213623047,120.30000305175781,110.20999908447266,18031,2026-05-25 14:44:35
2026-04-30,GOLD,GOLD_INR,44.96222686767578,45.64875148047852,46.06663272699324,44.255806401156136,391100,2026-05-25 14:44:35
2026-04-30,GC=F,GOLD_USD,4614.7001953125,4561.89990234375,4636.7001953125,4561.89990234375,77,2026-05-25 14:44:35
2026-04-30,^NSEI,NIFTY50,23997.55078125,23996.94921875,24087.44921875,23796.849609375,505500,2026-05-25 14:44:35
2026-04-30,BZ=F,BRENT_CRUDE,114.01000213623047,119.9800033569336,126.0999984741211,113.0,58572,2026-05-25 14:44:35
2026-04-30,NIFTYBEES.NS,NIFTY_BEES,272.010009765625,273.1300048828125,273.20001220703125,269.3399963378906,9983703,2026-05-25 14:44:35
2026-04-30,USDINR=X,USDINR,94.9166030883789,94.9166030883789,95.39399719238281,94.81490325927734,0,2026-05-25 14:44:35
2026-05-01,NIFTYBEES.NS,NIFTY_BEES,272.010009765625,272.010009765625,272.010009765625,272.010009765625,0,2026-05-25 14:44:35
2026-05-01,GOLD,GOLD_INR,42.415130615234375,44.77318390482353,44.77318390482353,42.166390704652024,771600,2026-05-25 14:44:35
2026-05-01,GC=F,GOLD_USD,4629.89990234375,4636.7001953125,4636.7001953125,4581.7001953125,113,2026-05-25 14:44:35
2026-05-01,USDINR=X,USDINR,94.75910186767578,94.75910186767578,95.30699920654297,94.68920135498047,0,2026-05-25 14:44:35
2026-05-01,BZ=F,BRENT_CRUDE,108.16999816894531,111.01000213623047,112.43000030517578,106.2699966430664,40576,2026-05-25 14:44:35
2026-05-04,GC=F,GOLD_USD,4519.5,4581.2001953125,4581.2001953125,4512.7001953125,20,2026-05-25 14:44:35
2026-05-04,GOLD,GOLD_INR,42.425079345703125,42.22608665437191,42.83798851600817,41.64403616349078,686000,2026-05-25 14:44:35
2026-05-04,BZ=F,BRENT_CRUDE,114.44000244140625,107.12999725341797,115.25,105.66000366210938,67567,2026-05-25 14:44:35
2026-05-04,^NSEI,NIFTY50,24119.30078125,24063.55078125,24290.19921875,24004.75,419100,2026-05-25 14:44:35
2026-05-04,NIFTYBEES.NS,NIFTY_BEES,273.1199951171875,273.45001220703125,274.70001220703125,272.0,7112692,2026-05-25 14:44:35
2026-05-04,USDINR=X,USDINR,94.90299987792969,94.90299987792969,95.38980102539062,94.66570281982422,0,2026-05-25 14:44:35
2026-05-05,USDINR=X,USDINR,95.2593994140625,95.2593002319336,95.3949966430664,94.97740173339844,0,2026-05-25 14:44:35
2026-05-05,NIFTYBEES.NS,NIFTY_BEES,272.29998779296875,274.989990234375,274.989990234375,270.70001220703125,7555162,2026-05-25 14:44:35
2026-05-05,GC=F,GOLD_USD,4555.7998046875,4547.60009765625,4580.5,4547.60009765625,426,2026-05-25 14:44:35
2026-05-05,GOLD,GOLD_INR,42.713619232177734,42.76336645692784,43.26084629536879,41.59926545680159,421400,2026-05-25 14:44:35
2026-05-05,^NSEI,NIFTY50,24032.80078125,24052.599609375,24081.69921875,23882.05078125,363300,2026-05-25 14:44:35
2026-05-05,BZ=F,BRENT_CRUDE,109.87000274658203,113.81999969482422,114.44999694824219,109.5999984741211,39713,2026-05-25 14:44:35
2026-05-06,GC=F,GOLD_USD,4681.89990234375,4663.60009765625,4712.60009765625,4663.60009765625,212,2026-05-25 14:44:35
2026-05-06,GOLD,GOLD_INR,42.88275909423828,43.51953645393996,43.997116627113854,41.77835707872544,689400,2026-05-25 14:44:35
2026-05-06,NIFTYBEES.NS,NIFTY_BEES,275.7300109863281,274.3900146484375,275.8900146484375,271.94000244140625,12026335,2026-05-25 14:44:35
2026-05-06,USDINR=X,USDINR,95.18299865722656,95.18299865722656,95.18299865722656,94.14810180664062,0,2026-05-25 14:44:35
2026-05-06,BZ=F,BRENT_CRUDE,101.2699966430664,110.44999694824219,110.44999694824219,96.7300033569336,61814,2026-05-25 14:44:35
2026-05-06,^NSEI,NIFTY50,24330.94921875,24171.0,24356.5,23997.900390625,429200,2026-05-25 14:44:35
2026-05-07,BZ=F,BRENT_CRUDE,100.05999755859375,101.52999877929688,103.41000366210938,96.06999969482422,62847,2026-05-25 14:44:35
2026-05-07,GOLD,GOLD_INR,43.29069137573242,43.29069137573242,46.58400908274498,42.10669079486114,908200,2026-05-25 14:44:35
2026-05-07,NIFTYBEES.NS,NIFTY_BEES,275.1700134277344,275.70001220703125,277.0899963378906,274.6099853515625,11899464,2026-05-25 14:44:35
2026-05-07,USDINR=X,USDINR,94.60800170898438,94.60800170898438,94.89299774169922,93.88870239257812,0,2026-05-25 14:44:35
2026-05-07,GC=F,GOLD_USD,4699.7998046875,4704.7998046875,4736.2001953125,4699.7998046875,254,2026-05-25 14:44:35
2026-05-07,^NSEI,NIFTY50,24326.650390625,24398.5,24482.099609375,24284.0,440600,2026-05-25 14:44:35
2026-05-08,^NSEI,NIFTY50,24176.150390625,24233.650390625,24253.80078125,24126.650390625,335900,2026-05-25 14:44:35
2026-05-08,USDINR=X,USDINR,94.25299835205078,94.25299835205078,94.74040222167969,94.25299835205078,0,2026-05-25 14:44:35
2026-05-08,GOLD,GOLD_INR,45.161216735839844,44.06676266739134,46.4148679878137,43.77822346545627,934500,2026-05-25 14:44:35
2026-05-08,BZ=F,BRENT_CRUDE,101.29000091552734,103.55999755859375,103.95999908447266,99.54000091552734,34316,2026-05-25 14:44:35
2026-05-08,NIFTYBEES.NS,NIFTY_BEES,273.94000244140625,273.6199951171875,274.67999267578125,272.0,6950558,2026-05-25 14:44:35
2026-05-08,GC=F,GOLD_USD,4720.39990234375,4714.39990234375,4724.7998046875,4713.60009765625,120,2026-05-25 14:44:35
2026-05-11,GOLD,GOLD_INR,43.16135025024414,45.86763789039507,48.02172642212306,43.15139852838005,1148400,2026-05-25 14:44:35
2026-05-11,BZ=F,BRENT_CRUDE,104.20999908447266,104.0,106.0,102.81999969482422,35359,2026-05-25 14:44:35
2026-05-11,USDINR=X,USDINR,94.42530059814453,94.42530059814453,95.31759643554688,94.18180084228516,0,2026-05-25 14:44:35
2026-05-11,NIFTYBEES.NS,NIFTY_BEES,270.1000061035156,272.9800109863281,272.9800109863281,269.8999938964844,12824989,2026-05-25 14:44:35
2026-05-11,GC=F,GOLD_USD,4718.7001953125,4729.5,4729.5,4718.7001953125,36,2026-05-25 14:44:35
2026-05-11,^NSEI,NIFTY50,23815.849609375,23970.099609375,23997.44921875,23799.099609375,390100,2026-05-25 14:44:35
2026-05-12,BZ=F,BRENT_CRUDE,107.7699966430664,104.5,108.41999816894531,104.11000061035156,30738,2026-05-25 14:44:35
2026-05-12,USDINR=X,USDINR,95.39140319824219,95.39140319824219,95.85910034179688,95.26609802246094,0,2026-05-25 14:44:35
2026-05-12,GC=F,GOLD_USD,4677.60009765625,4762.2001953125,4765.2001953125,4677.60009765625,93,2026-05-25 14:44:35
2026-05-12,^NSEI,NIFTY50,23379.55078125,23722.599609375,23757.55078125,23348.400390625,447500,2026-05-25 14:44:35
2026-05-12,GOLD,GOLD_INR,41.9474983215332,42.78326457196717,42.78326457196717,41.380371629681925,789700,2026-05-25 14:44:35
2026-05-12,NIFTYBEES.NS,NIFTY_BEES,265.04998779296875,270.0899963378906,270.0899963378906,264.75,18622348,2026-05-25 14:44:35
2026-05-13,^NSEI,NIFTY50,23412.599609375,23362.44921875,23582.94921875,23262.55078125,415400,2026-05-25 14:44:35
2026-05-13,NIFTYBEES.NS,NIFTY_BEES,265.44000244140625,265.0400085449219,267.1400146484375,263.5299987792969,9107154,2026-05-25 14:44:35
2026-05-13,GC=F,GOLD_USD,4697.7001953125,4722.7001953125,4722.7001953125,4679.5,228,2026-05-25 14:44:35
2026-05-13,GOLD,GOLD_INR,41.09183120727539,41.94749708067833,42.086790819051885,41.0719315595835,656100,2026-05-25 14:44:35
2026-05-13,BZ=F,BRENT_CRUDE,105.62999725341797,107.73999786376953,108.30999755859375,105.30999755859375,27718,2026-05-25 14:44:35
2026-05-13,USDINR=X,USDINR,95.63300323486328,95.63300323486328,95.8604965209961,93.60430145263672,0,2026-05-25 14:44:35
2026-05-14,GC=F,GOLD_USD,4678.10009765625,4678.10009765625,4678.10009765625,4650.2998046875,5,2026-05-25 14:44:35
2026-05-14,^NSEI,NIFTY50,23689.599609375,23530.25,23777.19921875,23426.55078125,428700,2026-05-25 14:44:35
2026-05-14,BZ=F,BRENT_CRUDE,105.72000122070312,105.63999938964844,107.08000183105469,103.86000061035156,27529,2026-05-25 14:44:35
2026-05-14,NIFTYBEES.NS,NIFTY_BEES,268.0899963378906,267.989990234375,268.8500061035156,265.32000732421875,7996734,2026-05-25 14:44:35
2026-05-14,GOLD,GOLD_INR,40.35556411743164,41.1117317691904,41.251025510661506,40.136671783422884,397900,2026-05-25 14:44:35
2026-05-14,USDINR=X,USDINR,95.69580078125,95.69580078125,95.94580078125,95.44049835205078,0,2026-05-25 14:44:35
2026-05-15,BZ=F,BRENT_CRUDE,109.26000213623047,106.56999969482422,109.7300033569336,106.05000305175781,26518,2026-05-25 14:44:35
2026-05-15,GOLD,GOLD_INR,38.534786224365234,39.509846211620584,39.70883889779857,38.49498692803567,573300,2026-05-25 14:44:35
2026-05-15,USDINR=X,USDINR,95.70989990234375,95.70989990234375,96.11499786376953,95.39700317382812,0,2026-05-25 14:44:35
2026-05-15,^NSEI,NIFTY50,23643.5,23731.400390625,23839.30078125,23610.30078125,408900,2026-05-25 14:44:35
2026-05-15,GC=F,GOLD_USD,4555.7998046875,4615.2001953125,4615.2001953125,4524.2998046875,607,2026-05-25 14:44:35
2026-05-15,NIFTYBEES.NS,NIFTY_BEES,267.29998779296875,269.9100036621094,269.9100036621094,267.0,7938250,2026-05-25 14:44:35
2026-05-18,^NSEI,NIFTY50,23649.94921875,23482.19921875,23695.650390625,23317.099609375,392000,2026-05-25 14:44:35
2026-05-18,NIFTYBEES.NS,NIFTY_BEES,267.5799865722656,266.0,267.989990234375,264.0,8188098,2026-05-25 14:44:35
2026-05-18,GOLD,GOLD_INR,39.46009826660156,38.803425071063884,39.59939200573535,38.66413133193009,542700,2026-05-25 14:44:35
2026-05-18,GC=F,GOLD_USD,4552.5,4563.0,4570.2998046875,4538.7001953125,38,2026-05-25 14:44:35
2026-05-18,BZ=F,BRENT_CRUDE,112.0999984741211,109.61000061035156,112.69000244140625,106.87000274658203,46404,2026-05-25 14:44:35
2026-05-18,USDINR=X,USDINR,95.97029876708984,95.97129821777344,96.60189819335938,95.66200256347656,0,2026-05-25 14:44:35
2026-05-19,NIFTYBEES.NS,NIFTY_BEES,267.6099853515625,267.69000244140625,269.20001220703125,267.260009765625,6550621,2026-05-25 14:44:35
2026-05-19,GOLD,GOLD_INR,39.47999954223633,38.97256799107548,39.639192935734464,38.10695415114624,435700,2026-05-25 14:44:35
2026-05-19,GC=F,GOLD_USD,4506.2998046875,4551.7001953125,4552.60009765625,4506.2001953125,875,2026-05-25 14:44:35
2026-05-19,^NSEI,NIFTY50,23618.0,23675.30078125,23782.30078125,23587.19921875,442000,2026-05-25 14:44:35
2026-05-19,BZ=F,BRENT_CRUDE,111.27999877929688,109.55000305175781,111.79000091552734,108.9000015258789,29390,2026-05-25 14:44:35
2026-05-19,USDINR=X,USDINR,96.27020263671875,96.27020263671875,97.0541000366211,96.1676025390625,0,2026-05-25 14:44:35
2026-05-20,NIFTYBEES.NS,NIFTY_BEES,268.04998779296875,267.1300048828125,268.3699951171875,265.1099853515625,5346893,2026-05-25 14:44:35
2026-05-20,GOLD,GOLD_INR,41.0099983215332,39.619998931884766,41.029998779296875,39.4900016784668,504900,2026-05-25 14:44:35
2026-05-20,BZ=F,BRENT_CRUDE,105.0199966430664,111.20999908447266,111.5,103.27999877929688,53332,2026-05-25 14:44:35
2026-05-20,GC=F,GOLD_USD,4531.2998046875,4502.60009765625,4531.2998046875,4465.10009765625,981,2026-05-25 14:44:35
2026-05-20,^NSEI,NIFTY50,23659.0,23457.25,23690.900390625,23397.30078125,344100,2026-05-25 14:44:35
2026-05-20,USDINR=X,USDINR,96.56580352783203,96.56580352783203,97.04219818115234,96.37519836425781,0,2026-05-25 14:44:35
2026-05-21,BZ=F,BRENT_CRUDE,102.58000183105469,105.20999908447266,109.30999755859375,102.16000366210938,51232,2026-05-25 14:44:35
2026-05-21,GC=F,GOLD_USD,4539.7998046875,4507.2001953125,4539.7998046875,4503.7998046875,426,2026-05-25 14:44:35
2026-05-21,GOLD,GOLD_INR,41.779998779296875,40.61000061035156,41.86000061035156,40.44499969482422,369600,2026-05-25 14:44:35
2026-05-21,NIFTYBEES.NS,NIFTY_BEES,268.2099914550781,269.239990234375,270.239990234375,267.3900146484375,6183084,2026-05-25 14:44:35
2026-05-21,^NSEI,NIFTY50,23654.69921875,23830.05078125,23859.900390625,23596.599609375,348200,2026-05-25 14:44:35
2026-05-21,USDINR=X,USDINR,96.5282974243164,96.5282974243164,96.85150146484375,93.18800354003906,0,2026-05-25 14:44:35
2026-05-22,GC=F,GOLD_USD,4521.0,4519.5,4530.2998046875,4519.10009765625,426,2026-05-25 14:44:35
2026-05-22,GOLD,GOLD_INR,43.400001525878906,41.810001373291016,43.88999938964844,41.70000076293945,569200,2026-05-25 14:44:35
2026-05-22,^NSEI,NIFTY50,23719.30078125,23671.19921875,23835.650390625,23671.0,336100,2026-05-25 14:44:35
2026-05-22,USDINR=X,USDINR,96.17389678955078,96.17389678955078,96.49929809570312,95.44889831542969,0,2026-05-25 14:44:35
2026-05-22,BZ=F,BRENT_CRUDE,103.54000091552734,104.5199966430664,106.3499984741211,101.37999725341797,51232,2026-05-25 14:44:35
2026-05-22,NIFTYBEES.NS,NIFTY_BEES,269.1000061035156,268.0799865722656,270.0,266.010009765625,6238722,2026-05-25 14:44:35
