Date,NIFTY50,USDINR,GOLD_INR,GOLD_USD,NIFTYBEES
2020-01-01,12182.5,71.27580261230469,,,129.4199981689453
2020-01-02,12282.2001953125,71.0250015258789,3.0812811851501465,1524.5,130.13999938964844
2020-01-03,12226.650390625,71.41500091552734,3.0993356704711914,1549.199951171875,129.7100067138672
2020-01-06,11993.0498046875,71.73100280761719,3.121903657913208,1566.199951171875,127.37000274658203
2020-01-07,12052.9501953125,71.78700256347656,3.095574140548706,1571.800048828125,127.76000213623047
2020-01-08,12025.349609375,72.16000366210938,3.1482324600219727,1557.4000244140625,127.55999755859375
2020-01-09,12215.900390625,71.41190338134766,3.167039394378662,1551.699951171875,129.33999633789062
2020-01-10,12256.7998046875,71.19429779052734,3.2836408615112305,1557.5,129.61000061035156
2020-01-13,12329.5498046875,70.9530029296875,3.234743595123291,1548.4000244140625,130.41000366210938
2020-01-14,12362.2998046875,70.71890258789062,3.2422659397125244,1542.4000244140625,131.00999450683594
2020-01-15,12343.2998046875,70.84510040283203,3.2309823036193848,1552.0999755859375,131.00999450683594
2020-01-16,12355.5,70.71800231933594,3.262953519821167,1549.0,130.91000366210938
2020-01-17,12352.349609375,70.94560241699219,3.227220296859741,1558.800048828125,131.19000244140625
2020-01-20,12224.5498046875,71.03469848632812,,,129.77999877929688
2020-01-21,12169.849609375,71.03099822998047,3.136948585510254,1556.4000244140625,129.27000427246094
2020-01-22,12106.900390625,71.16999816894531,3.1143810749053955,1555.300048828125,128.52999877929688
2020-01-23,12180.349609375,71.0781021118164,3.1482324600219727,1564.5999755859375,129.30999755859375
2020-01-24,12248.25,71.32099914550781,3.091813087463379,1571.0999755859375,130.11000061035156
2020-01-27,12119.0,71.32499694824219,3.076767683029175,1576.800048828125,128.72999572753906
2020-01-28,12055.7998046875,71.44000244140625,2.952643871307373,1569.199951171875,128.10000610351562
2020-01-29,12129.5,71.23040008544922,3.039153814315796,1569.800048828125,128.75999450683594
2020-01-30,12035.7998046875,71.30000305175781,2.982734203338623,1583.5,127.73999786376953
2020-01-31,11962.099609375,71.63999938964844,2.994018077850342,1582.9000244140625,127.16999816894531
2020-02-03,11707.900390625,71.49649810791016,3.039153814315796,1577.199951171875,124.41999816894531
2020-02-04,11979.650390625,71.31410217285156,3.095574140548706,1550.4000244140625,126.75
2020-02-05,12089.150390625,71.0999984741211,3.306208848953247,1557.800048828125,127.91000366210938
2020-02-06,12137.9501953125,71.18000030517578,3.2953009605407715,1565.0999755859375,128.94000244140625
2020-02-07,12098.349609375,71.47000122070312,3.3250155448913574,1568.5999755859375,128.19000244140625
2020-02-10,12031.5,71.5155029296875,3.2723565101623535,1574.699951171875,127.91000366210938
2020-02-11,12107.900390625,71.27999877929688,3.249788999557495,1565.5999755859375,128.3000030517578
2020-02-12,12201.2001953125,71.27529907226562,3.3362996578216553,1567.4000244140625,129.19000244140625
2020-02-13,12174.650390625,71.29620361328125,3.2723565101623535,1575.0999755859375,129.3000030517578
2020-02-14,12113.4501953125,71.26850128173828,3.279879331588745,1582.699951171875,128.3800048828125
2020-02-17,12045.7998046875,71.51480102539062,,,127.83999633789062
2020-02-18,11992.5,71.34919738769531,3.4416160583496094,1600.0,127.33999633789062
2020-02-19,12125.900390625,71.57499694824219,3.396479845046997,1607.5,128.58999633789062
2020-02-20,12080.849609375,71.82749938964844,3.347583770751953,1616.5999755859375,128.36000061035156
2020-02-21,,72.11000061035156,3.3615005016326904,1644.5999755859375,
2020-02-24,11829.400390625,71.88680267333984,3.4416160583496094,1672.4000244140625,125.7300033569336
2020-02-25,11797.900390625,72.04669952392578,3.4491384029388428,1646.9000244140625,125.33999633789062
2020-02-26,11678.5,71.87000274658203,3.4228110313415527,1640.0,124.04000091552734
2020-02-27,11633.2998046875,71.66339874267578,3.558218002319336,1640.0,123.63999938964844
2020-02-28,11201.75,71.93000030517578,3.4641835689544678,1564.0999755859375,119.29000091552734
2020-03-02,11132.75,72.1500015258789,3.3930954933166504,1592.300048828125,118.38999938964844
2020-03-03,11303.2998046875,72.82499694824219,3.377673864364624,1642.0999755859375,120.4000015258789
2020-03-04,11251.0,73.34200286865234,3.3701512813568115,1641.0999755859375,119.5199966430664
2020-03-05,11269.0,74.0425033569336,3.321253776550293,1666.4000244140625,119.75
2020-03-06,10989.4501953125,73.8551025390625,3.3851966857910156,1670.800048828125,117.18000030517578
2020-03-09,10451.4501953125,73.99530029296875,3.490514039993286,1674.5,111.62000274658203
2020-03-10,,74.40599822998047,3.4077646732330322,1659.0999755859375,
2020-03-11,10458.400390625,74.20500183105469,3.4660651683807373,1641.4000244140625,111.30999755859375
2020-03-12,9590.150390625,74.76000213623047,3.2573113441467285,1589.300048828125,102.98999786376953
2020-03-13,9955.2001953125,75.30000305175781,3.3400611877441406,1515.699951171875,106.36000061035156
2020-03-16,9197.400390625,73.90399932861328,3.4867522716522217,1485.9000244140625,102.37000274658203
2020-03-17,8967.0498046875,75.15499877929688,3.309969902038574,1524.9000244140625,99.19999694824219
2020-03-18,8468.7998046875,74.01239776611328,3.3024473190307617,1477.300048828125,96.08000183105469
2020-03-19,8263.4501953125,74.98200225830078,3.390838384628296,1478.5999755859375,89.47000122070312
2020-03-20,8745.4501953125,75.15969848632812,3.0316319465637207,1484.0,92.97000122070312
2020-03-23,7610.25,75.62210083007812,3.5544557571411133,1567.0,83.5199966430664
2020-03-24,7801.0498046875,76.50599670410156,3.7237162590026855,1660.199951171875,85.0
2020-03-25,8317.849609375,77.26000213623047,3.7237162590026855,1632.300048828125,89.45999908447266
2020-03-26,8641.4501953125,75.84549713134766,4.513596057891846,1650.0999755859375,92.68000030517578
2020-03-27,8660.25,74.72560119628906,4.607628345489502,1623.9000244140625,91.26000213623047
2020-03-30,8281.099609375,75.46499633789062,4.498550891876221,1622.0,89.16999816894531
2020-03-31,8597.75,75.4000015258789,4.618913173675537,1583.4000244140625,91.94000244140625
2020-04-01,8253.7998046875,75.32499694824219,4.562492370605469,1578.199951171875,89.3499984741211
2020-04-02,,77.56999969482422,4.570014953613281,1625.699951171875,
2020-04-03,8083.7998046875,77.13999938964844,4.825786113739014,1633.699951171875,86.58999633789062
2020-04-06,,76.2300033569336,5.096601963043213,1677.0,
2020-04-07,8792.2001953125,75.96489715576172,5.013852596282959,1664.800048828125,92.41000366210938
2020-04-08,8748.75,76.66000366210938,5.025136470794678,1665.4000244140625,92.81999969482422
2020-04-09,9111.900390625,75.95899963378906,4.998806476593018,1736.199951171875,96.2300033569336
2020-04-10,,76.6500015258789,,,
2020-04-13,8993.849609375,76.16649627685547,5.043942928314209,1744.800048828125,95.62000274658203
2020-04-14,,76.91000366210938,4.927341938018799,1756.699951171875,
2020-04-15,8925.2998046875,75.93099975585938,5.107885837554932,1727.199951171875,95.19999694824219
2020-04-16,8992.7998046875,77.2125015258789,5.153020858764648,1720.4000244140625,95.68000030517578
2020-04-17,9266.75,77.56999969482422,5.0100908279418945,1689.199951171875,98.20999908447266
2020-04-20,9261.849609375,76.55999755859375,5.164305210113525,1701.5999755859375,97.98999786376953
2020-04-21,8981.4501953125,77.20999908447266,5.149259567260742,1678.199951171875,95.5999984741211
2020-04-22,9187.2998046875,76.96939849853516,5.153020858764648,1728.699951171875,97.37999725341797
2020-04-23,9313.900390625,76.4000015258789,5.243292808532715,1733.300048828125,98.62000274658203
2020-04-24,9154.400390625,76.42250061035156,5.322281837463379,1723.5,97.0999984741211
2020-04-27,9282.2998046875,76.27149963378906,5.299713611602783,1711.9000244140625,98.43000030517578
2020-04-28,9380.900390625,76.1863021850586,5.45768928527832,1710.5,99.3499984741211
2020-04-29,9553.349609375,76.46499633789062,5.546079635620117,1703.4000244140625,101.12000274658203
2020-04-30,9859.900390625,75.25849914550781,5.5630059242248535,1684.199951171875,104.18000030517578
2020-05-01,,75.72000122070312,5.62318754196167,1694.5,
2020-05-04,9293.5,75.60050201416016,5.386223793029785,1706.9000244140625,98.80000305175781
2020-05-05,9205.599609375,75.8499984741211,5.171828269958496,1704.4000244140625,97.6500015258789
2020-05-06,9270.900390625,76.16999816894531,5.288428783416748,1684.199951171875,98.5
2020-05-07,9199.0498046875,76.15129852294922,5.28466796875,1721.800048828125,97.5999984741211
2020-05-08,9251.5,76.08000183105469,5.743549823760986,1709.9000244140625,98.12000274658203
2020-05-11,9239.2001953125,75.5250015258789,6.01812744140625,1695.300048828125,98.20999908447266
2020-05-12,9196.5498046875,76.30999755859375,6.0218892097473145,1704.4000244140625,97.95999908447266
2020-05-13,9383.5498046875,75.68000030517578,6.036933422088623,1713.9000244140625,99.69000244140625
2020-05-14,9142.75,75.42620086669922,6.085831642150879,1738.0999755859375,97.41999816894531
2020-05-15,9136.849609375,75.48500061035156,6.168579578399658,1753.4000244140625,97.08000183105469
2020-05-18,8823.25,75.81999969482422,6.0557403564453125,1731.800048828125,93.93000030517578
2020-05-19,8879.099609375,75.60009765625,6.040694236755371,1744.199951171875,94.33999633789062
2020-05-20,9066.5498046875,76.0,6.202433109283447,1750.5999755859375,96.25
2020-05-21,9106.25,75.77999877929688,6.15353536605835,1720.5,96.69000244140625
2020-05-22,9039.25,75.625,6.398021221160889,1734.5999755859375,96.11000061035156
2020-05-25,,75.98500061035156,,,
2020-05-26,9029.0498046875,76.11000061035156,6.3227949142456055,1704.800048828125,96.20999908447266
2020-05-27,9314.9501953125,75.81999969482422,6.416828155517578,1710.300048828125,98.5999984741211
2020-05-28,9490.099609375,76.12999725341797,6.349123001098633,1713.300048828125,100.37000274658203
2020-05-29,9580.2998046875,75.95999908447266,6.371692657470703,1736.9000244140625,101.37999725341797
2020-06-01,9826.150390625,75.51319885253906,6.367930889129639,1737.800048828125,104.41999816894531
2020-06-02,9979.099609375,75.7300033569336,6.379215240478516,1725.199951171875,105.88999938964844
2020-06-03,10061.5498046875,75.06580352783203,6.382976055145264,1697.800048828125,106.36000061035156
2020-06-04,10029.099609375,75.54499816894531,6.44315767288208,1718.9000244140625,106.2699966430664
2020-06-05,10142.150390625,75.49089813232422,6.469487190246582,1676.199951171875,107.66000366210938
2020-06-08,10167.4501953125,75.5177001953125,6.454440593719482,1698.300048828125,108.0999984741211
2020-06-09,10046.650390625,75.625,6.52966833114624,1714.699951171875,106.8499984741211
2020-06-10,10116.150390625,75.50980377197266,6.612417697906494,1713.300048828125,107.5199966430664
2020-06-11,9902.0,75.875,6.401782512664795,1732.0,105.30000305175781
2020-06-12,9972.900390625,76.38999938964844,6.435635566711426,1729.300048828125,105.72000122070312
2020-06-15,9813.7001953125,75.95680236816406,6.495815277099609,1720.300048828125,104.51000213623047
2020-06-16,9914.0,75.97799682617188,6.563519477844238,1729.5999755859375,105.20999908447266
2020-06-17,9881.150390625,76.65499877929688,6.680122375488281,1729.199951171875,104.91999816894531
2020-06-18,10091.650390625,76.55000305175781,6.695167541503906,1724.800048828125,106.97000122070312
2020-06-19,10244.400390625,76.40039825439453,6.819289684295654,1745.9000244140625,108.79000091552734
2020-06-22,10311.2001953125,76.2520980834961,7.093869209289551,1756.699951171875,109.55999755859375
2020-06-23,10471.0,75.78980255126953,7.263125419616699,1772.0999755859375,111.0
2020-06-24,10305.2998046875,75.60780334472656,7.248081684112549,1765.800048828125,109.52999877929688
2020-06-25,10288.900390625,75.97000122070312,7.357159614562988,1762.0999755859375,109.05000305175781
2020-06-26,10383.0,75.53980255126953,6.781676769256592,1772.5,110.23999786376953
2020-06-29,10312.400390625,75.61979675292969,6.981028079986572,1774.800048828125,109.73999786376953
2020-06-30,10302.099609375,75.69999694824219,7.1653337478637695,1793.0,109.5199966430664
2020-07-01,10430.0498046875,75.75,7.142764568328857,1773.199951171875,111.04000091552734
2020-07-02,10551.7001953125,75.45490264892578,7.1653337478637695,1784.0,112.0999984741211
2020-07-03,10607.349609375,74.72100067138672,,,112.51000213623047
2020-07-06,10763.650390625,74.6792984008789,7.582839488983154,1788.5,114.27999877929688
2020-07-07,10799.650390625,74.60759735107422,7.334592819213867,1804.199951171875,114.6500015258789
2020-07-08,10705.75,75.125,7.492567539215088,1815.5,113.8499984741211
2020-07-09,10813.4501953125,74.93990325927734,7.2104692459106445,1799.199951171875,115.06999969482422
2020-07-10,10768.0498046875,75.33999633789062,7.4812846183776855,1798.199951171875,114.37999725341797
2020-07-13,10802.7001953125,75.15850067138672,7.6242146492004395,1811.0,114.86000061035156
2020-07-14,10607.349609375,75.44999694824219,8.180891990661621,1810.5999755859375,112.93000030517578
2020-07-15,10618.2001953125,75.57499694824219,8.071813583374023,1811.4000244140625,112.97000122070312
2020-07-16,10739.9501953125,75.1249008178711,7.887508392333984,1798.699951171875,114.08000183105469
2020-07-17,10901.7001953125,75.17449951171875,8.177129745483398,1808.300048828125,115.80999755859375
2020-07-20,11022.2001953125,74.89730072021484,8.80527400970459,1815.9000244140625,117.05999755859375
2020-07-21,11162.25,74.98999786376953,9.030951499938965,1842.4000244140625,118.54000091552734
2020-07-22,11132.599609375,74.7699966430664,8.921874046325684,1864.0999755859375,118.11000061035156
2020-07-23,11215.4501953125,74.81999969482422,8.869214057922363,1889.0999755859375,119.08000183105469
2020-07-24,11194.150390625,74.80729675292969,8.692432403564453,1897.300048828125,118.98999786376953
2020-07-27,11131.7998046875,74.75980377197266,9.320577621459961,1931.0,118.38999938964844
2020-07-28,11300.5498046875,75.0,9.192688941955566,1944.699951171875,120.0199966430664
2020-07-29,11202.849609375,75.08999633789062,9.162598609924316,1953.5,119.26000213623047
2020-07-30,11102.150390625,74.8311996459961,9.140029907226562,1942.300048828125,117.95999908447266
2020-07-31,11073.4501953125,74.98999786376953,9.061042785644531,1962.800048828125,118.0199966430664
2020-08-03,10891.599609375,74.91780090332031,9.102417945861816,1966.0,116.16999816894531
2020-08-04,11095.25,75.33000183105469,9.083610534667969,2001.199951171875,118.0
2020-08-05,11101.650390625,75.25,9.18892765045166,2031.0999755859375,118.02999877929688
2020-08-06,11200.150390625,74.8822021484375,9.723036766052246,2051.5,119.0199966430664
2020-08-07,11214.0498046875,74.8998031616211,9.542492866516113,2010.0999755859375,119.3499984741211
2020-08-10,11270.150390625,75.0248031616211,9.32809829711914,2024.4000244140625,119.97000122070312
2020-08-11,11322.5,75.0999984741211,8.752613067626953,1932.5999755859375,120.44000244140625
2020-08-12,11308.400390625,74.9000015258789,8.906828880310059,1934.9000244140625,120.33000183105469
2020-08-13,11300.4501953125,74.77210235595703,8.861692428588867,1956.699951171875,120.48999786376953
2020-08-14,11178.400390625,75.02999877929688,9.042236328125,1937.0,119.26000213623047
2020-08-17,11247.099609375,74.90280151367188,8.406571388244629,1985.0,119.87999725341797
2020-08-18,11385.349609375,75.0,8.432900428771973,1999.4000244140625,120.97000122070312
2020-08-19,11408.400390625,74.79499816894531,8.447945594787598,1958.699951171875,121.12999725341797
2020-08-20,11312.2001953125,74.966796875,8.335107803344727,1933.800048828125,120.41999816894531
2020-08-21,11371.599609375,74.9999008178711,8.54573917388916,1934.5999755859375,121.11000061035156
2020-08-24,11466.4501953125,74.92179870605469,8.741329193115234,1927.699951171875,122.0
2020-08-25,11472.25,74.4000015258789,8.970771789550781,1911.800048828125,121.93000030517578
2020-08-26,11549.599609375,74.45249938964844,8.865453720092773,1940.699951171875,122.75
2020-08-27,11559.25,74.24009704589844,8.888023376464844,1921.5999755859375,122.91000366210938
2020-08-28,11647.599609375,73.77449798583984,9.087371826171875,1964.5999755859375,124.04000091552734
2020-08-31,11387.5,73.12830352783203,8.997101783752441,1967.5999755859375,121.02999877929688
2020-09-01,11470.25,73.66999816894531,9.102417945861816,1968.199951171875,122.1500015258789
2020-09-02,11535.0,73.2699966430664,9.267914772033691,1934.4000244140625,122.75
2020-09-03,11527.4501953125,73.24849700927734,9.01590633392334,1927.5999755859375,122.7300033569336
2020-09-04,11333.849609375,73.4478988647461,9.252870559692383,1923.9000244140625,121.12000274658203
2020-09-07,11355.0498046875,73.29029846191406,,,121.2699966430664
2020-09-08,11317.349609375,73.6500015258789,9.523685455322266,1933.0,120.8499984741211
2020-09-09,11278.0,73.78679656982422,9.651572227478027,1944.699951171875,120.33999633789062
2020-09-10,11449.25,73.55000305175781,9.802026748657227,1954.199951171875,121.94000244140625
2020-09-11,11464.4501953125,73.52729797363281,12.468807220458984,1937.800048828125,122.12999725341797
2020-09-14,11440.0498046875,73.47859954833984,12.720815658569336,1953.0999755859375,122.12999725341797
2020-09-15,11521.7998046875,73.61499786376953,12.149093627929688,1956.300048828125,122.9000015258789
2020-09-16,11604.5498046875,73.80000305175781,12.461285591125488,1960.199951171875,123.70999908447266
2020-09-17,11516.099609375,73.55069732666016,12.502659797668457,1940.0,122.72000122070312
2020-09-18,11504.9501953125,73.58360290527344,13.45197868347168,1952.0999755859375,122.66000366210938
2020-09-21,11250.5498046875,73.53479766845703,13.294417381286621,1901.199951171875,119.91999816894531
2020-09-22,11153.650390625,73.57980346679688,12.10875129699707,1898.5999755859375,118.91000366210938
2020-09-23,11131.849609375,73.50299835205078,11.963005065917969,1859.9000244140625,118.94999694824219
2020-09-24,10805.5498046875,73.77839660644531,12.368731498718262,1868.300048828125,115.76000213623047
2020-09-25,11050.25,73.68240356445312,12.612955093383789,1857.699951171875,117.87000274658203
2020-09-28,11227.5498046875,73.69930267333984,13.59378719329834,1872.800048828125,119.75
2020-09-29,11222.400390625,73.9749984741211,13.195939064025879,1894.300048828125,119.81999969482422
2020-09-30,11247.5498046875,73.84500122070312,13.282599449157715,1887.5,119.93000030517578
2020-10-01,11416.9501953125,73.70500183105469,13.156549453735352,1908.4000244140625,121.61000061035156
2020-10-02,,73.21700286865234,13.463797569274902,1900.199951171875,
2020-10-05,11503.349609375,73.32240295410156,13.8458890914917,1912.5,122.37999725341797
2020-10-06,11662.400390625,73.1082992553711,13.715897560119629,1901.0999755859375,124.02999877929688
2020-10-07,11738.849609375,73.81500244140625,14.082235336303711,1883.5999755859375,124.88999938964844
2020-10-08,11834.599609375,73.5425033569336,14.200406074523926,1888.5999755859375,125.91000366210938
2020-10-09,11914.2001953125,73.28050231933594,14.574618339538574,1919.5,126.98999786376953
2020-10-12,11930.9501953125,73.01480102539062,14.574618339538574,1922.5,126.95999908447266
2020-10-13,11934.5,73.35079956054688,14.716426849365234,1888.5,127.0199966430664
2020-10-14,11971.0498046875,73.62000274658203,14.649462699890137,1901.300048828125,127.41999816894531
2020-10-15,11680.349609375,73.29620361328125,14.732183456420898,1903.199951171875,124.80999755859375
2020-10-16,11762.4501953125,73.37100219726562,14.26343059539795,1900.800048828125,125.62000274658203
2020-10-19,11873.0498046875,73.44380187988281,14.259490966796875,1906.4000244140625,126.80999755859375
2020-10-20,11896.7998046875,73.57499694824219,13.369256019592285,1910.4000244140625,126.7699966430664
2020-10-21,11937.650390625,73.64749908447266,13.203816413879395,1924.5999755859375,126.9800033569336
2020-10-22,11896.4501953125,73.6812973022461,12.98716926574707,1901.0999755859375,126.7300033569336
2020-10-23,11930.349609375,73.72000122070312,13.270780563354492,1902.0,127.11000061035156
2020-10-26,11767.75,73.8228988647461,12.341156959533691,1902.699951171875,125.80999755859375
2020-10-27,11889.400390625,73.94850158691406,12.59325885772705,1908.800048828125,126.80999755859375
2020-10-28,11729.599609375,73.80500030517578,12.30964469909668,1876.199951171875,125.4000015258789
2020-10-29,11670.7998046875,74.44000244140625,12.368731498718262,1865.5999755859375,124.72000122070312
2020-10-30,11642.400390625,74.26399993896484,12.24267864227295,1877.4000244140625,124.56999969482422
2020-11-02,11669.150390625,74.55049896240234,11.809381484985352,1890.4000244140625,124.37000274658203
2020-11-03,11813.5,74.45680236816406,12.057540893554688,1908.5,126.01000213623047
2020-11-04,11908.5,74.65560150146484,11.742417335510254,1894.5999755859375,127.02999877929688
2020-11-05,12120.2998046875,74.37999725341797,11.821197509765625,1945.300048828125,129.1199951171875
2020-11-06,12263.5498046875,74.12000274658203,11.383960723876953,1950.300048828125,130.61000061035156
2020-11-09,12461.0498046875,73.97979736328125,10.564628601074219,1853.199951171875,132.72999572753906
2020-11-10,12631.099609375,73.95320129394531,11.628182411193848,1875.4000244140625,134.72000122070312
2020-11-11,12749.150390625,74.28160095214844,12.46326732635498,1860.699951171875,135.8300018310547
2020-11-12,12690.7998046875,74.56999969482422,11.821197509765625,1872.5999755859375,135.25999450683594
2020-11-13,12719.9501953125,74.86499786376953,12.065422058105469,1885.699951171875,135.7899932861328
2020-11-14,,,,,136.39999389648438
2020-11-16,,74.48770141601562,12.246620178222656,1887.300048828125,
2020-11-17,12874.2001953125,74.41809844970703,12.352972984313965,1884.5,137.38999938964844
2020-11-18,12938.25,74.47969818115234,12.246620178222656,1873.5,137.89999389648438
2020-11-19,12771.7001953125,74.41999816894531,12.191473960876465,1861.0999755859375,136.25
2020-11-20,12859.0498046875,74.09960174560547,12.63856315612793,1872.5999755859375,137.0
2020-11-23,12926.4501953125,74.16239929199219,12.41915512084961,1837.800048828125,137.75999450683594
2020-11-24,13055.150390625,74.24490356445312,12.270126342773438,1804.800048828125,139.3800048828125
2020-11-25,12858.400390625,73.96080017089844,12.51023006439209,1805.699951171875,137.38999938964844
2020-11-26,12987.0,73.77989959716797,,,138.24000549316406
2020-11-27,12968.9501953125,74.04879760742188,12.60958194732666,1781.9000244140625,138.3800048828125
2020-11-30,,73.94090270996094,12.663397789001465,1775.699951171875,
2020-12-01,13109.0498046875,74.02519989013672,12.265987396240234,1814.0999755859375,139.7899932861328
2020-12-02,13113.75,73.65499877929688,12.166633605957031,1825.699951171875,139.9600067138672
2020-12-03,13133.900390625,73.66259765625,11.78577995300293,1836.800048828125,140.1199951171875
2020-12-04,13258.5498046875,73.86489868164062,11.810617446899414,1835.9000244140625,141.27000427246094
2020-12-07,13355.75,73.79029846191406,12.460553169250488,1861.800048828125,142.2899932861328
2020-12-08,13392.9501953125,74.0199966430664,12.402595520019531,1870.800048828125,142.86000061035156
2020-12-09,13529.099609375,73.72640228271484,12.410876274108887,1834.5999755859375,144.41000366210938
2020-12-10,13478.2998046875,73.93499755859375,12.593023300170898,1833.5999755859375,143.82000732421875
2020-12-11,13513.849609375,73.72669982910156,12.522647857666016,1839.800048828125,143.92999267578125
2020-12-14,13558.150390625,73.73799896240234,12.265987396240234,1828.699951171875,144.32000732421875
2020-12-15,13567.849609375,73.86000061035156,12.60544490814209,1852.300048828125,144.61000061035156
2020-12-16,13682.7001953125,73.75980377197266,12.886944770812988,1856.0999755859375,145.82000732421875
2020-12-17,13740.7001953125,73.6166000366211,13.0939302444458,1887.199951171875,146.55999755859375
2020-12-18,13760.5498046875,73.52980041503906,12.758612632751465,1885.699951171875,146.9600067138672
2020-12-21,13328.400390625,73.60359954833984,13.060811042785645,1879.199951171875,142.5
2020-12-22,13466.2998046875,73.935302734375,11.835454940795898,1866.5999755859375,143.82000732421875
2020-12-23,13601.099609375,74.2699966430664,11.632608413696289,1874.699951171875,145.1199951171875
2020-12-24,13749.25,73.83979797363281,11.570515632629395,1879.9000244140625,146.52000427246094
2020-12-25,,73.55780029296875,,,
2020-12-28,13873.2001953125,73.68900299072266,10.746707916259766,1877.199951171875,147.77999877929688
2020-12-29,13932.599609375,73.5448989868164,10.382413864135742,1879.699951171875,148.77000427246094
2020-12-30,13981.9501953125,73.45359802246094,10.585261344909668,1891.0,149.27000427246094
2020-12-31,13981.75,73.13400268554688,10.618377685546875,1893.0999755859375,149.07000732421875
2021-01-01,14018.5,73.08920288085938,,,149.57000732421875
2021-01-04,14132.900390625,73.09200286865234,11.040630340576172,1944.699951171875,150.7100067138672
2021-01-05,14199.5,73.31999969482422,11.144123077392578,1952.699951171875,151.3000030517578
2021-01-06,14146.25,73.37480163574219,11.491859436035156,1906.9000244140625,151.22000122070312
2021-01-07,14137.349609375,73.36000061035156,11.81889820098877,1912.300048828125,151.1999969482422
2021-01-08,14347.25,73.44599914550781,11.690567970275879,1834.0999755859375,152.8800048828125
2021-01-11,14484.75,73.37339782714844,11.41734504699707,1849.5999755859375,154.3800048828125
2021-01-12,14563.4501953125,73.51349639892578,11.719544410705566,1842.9000244140625,155.32000732421875
2021-01-13,14564.849609375,73.16500091552734,11.694706916809082,1853.5999755859375,155.60000610351562
2021-01-14,14595.599609375,73.1698989868164,11.963787078857422,1850.300048828125,155.75999450683594
2021-01-15,14433.7001953125,73.08760070800781,11.806477546691895,1829.300048828125,154.11000061035156
2021-01-18,14281.2998046875,73.15899658203125,,,152.55999755859375
2021-01-19,14521.150390625,73.1886978149414,11.640891075134277,1839.5,155.4499969482422
2021-01-20,14644.7001953125,73.19190216064453,11.690567970275879,1865.9000244140625,156.75
2021-01-21,14590.349609375,72.91089630126953,11.624332427978516,1865.300048828125,156.02000427246094
2021-01-22,14371.900390625,72.95490264892578,11.843734741210938,1855.699951171875,153.91000366210938
2021-01-25,14238.900390625,72.99590301513672,11.545675277709961,1854.9000244140625,152.4600067138672
2021-01-26,,72.97000122070312,11.852014541625977,1850.699951171875,
2021-01-27,13967.5,72.91999816894531,11.334549903869629,1844.9000244140625,149.47999572753906
2021-01-28,13817.5498046875,73.03710174560547,11.582931518554688,1837.9000244140625,147.99000549316406
2021-01-29,13634.599609375,72.93879699707031,11.831315994262695,1847.300048828125,146.10000610351562
2021-02-01,14281.2001953125,72.90660095214844,13.83080005645752,1860.800048828125,152.52000427246094
2021-02-02,14647.849609375,73.11979675292969,12.791730880737305,1830.5,156.10000610351562
2021-02-03,14789.9501953125,72.91629791259766,13.582417488098145,1832.199951171875,157.66000366210938
2021-02-04,14895.650390625,72.85800170898438,14.108160018920898,1788.9000244140625,158.69000244140625
2021-02-05,14924.25,72.9457015991211,13.86805534362793,1810.9000244140625,159.0500030517578
2021-02-08,15115.7998046875,72.78479766845703,14.869867324829102,1831.9000244140625,161.02999877929688
2021-02-09,15109.2998046875,72.92990112304688,15.296260833740234,1835.300048828125,161.22999572753906
2021-02-10,15106.5,72.85489654541016,12.626141548156738,1840.5999755859375,161.4600067138672
2021-02-11,15173.2998046875,72.80729675292969,12.56197738647461,1824.9000244140625,162.05999755859375
2021-02-12,15163.2998046875,72.70950317382812,12.522647857666016,1821.5999755859375,162.1699981689453
2021-02-15,15314.7001953125,72.59480285644531,,,163.92999267578125
2021-02-16,15313.4501953125,72.63870239257812,12.456414222717285,1797.199951171875,163.5399932861328
2021-02-17,15208.900390625,72.93499755859375,12.30324649810791,1771.0999755859375,162.58999633789062
2021-02-18,15118.9501953125,72.79730224609375,11.947227478027344,1773.4000244140625,161.88999938964844
2021-02-19,14981.75,72.60540008544922,11.972066879272461,1775.800048828125,160.4199981689453
2021-02-22,14675.7001953125,72.5530014038086,12.009323120117188,1806.699951171875,157.17999267578125
2021-02-23,14707.7998046875,72.44400024414062,11.578792572021484,1804.4000244140625,157.58999633789062
2021-02-24,14982.0,72.37699890136719,11.442181587219238,1796.4000244140625,160.14999389648438
2021-02-25,15097.349609375,72.4000015258789,11.26831340789795,1774.4000244140625,161.8699951171875
2021-02-26,14529.150390625,73.1509017944336,11.773361206054688,1728.0999755859375,156.14999389648438
2021-03-01,14761.5498046875,73.59590148925781,12.3363618850708,1722.5,158.00999450683594
2021-03-02,14919.099609375,73.30940246582031,11.951369285583496,1733.0999755859375,159.57000732421875
2021-03-03,15245.599609375,73.27749633789062,11.860292434692383,1715.300048828125,162.97999572753906
2021-03-04,15080.75,72.88069915771484,11.736103057861328,1700.199951171875,161.1999969482422
2021-03-05,14938.099609375,73.13179779052734,11.719544410705566,1698.0,159.66000366210938
2021-03-08,14956.2001953125,73.1333999633789,12.9490385055542,1677.699951171875,160.0399932861328
2021-03-09,15098.400390625,73.33000183105469,12.882804870605469,1716.5999755859375,161.47000122070312
2021-03-10,15174.7998046875,72.7759017944336,13.92601490020752,1721.5,162.16000366210938
2021-03-11,,72.70600128173828,15.221744537353516,1722.300048828125,
2021-03-12,15030.9501953125,72.63899993896484,15.184489250183105,1719.5,160.6300048828125
2021-03-15,14929.5,72.68299865722656,14.91126537322998,1728.9000244140625,159.9600067138672
2021-03-16,14910.4501953125,72.51529693603516,14.890569686889648,1730.5999755859375,159.7899932861328
2021-03-17,14721.2998046875,72.5156021118164,15.275562286376953,1726.800048828125,157.8800048828125
2021-03-18,14557.849609375,72.29560089111328,15.842704772949219,1732.199951171875,156.1199951171875
2021-03-19,14744.0,72.6688003540039,16.45123863220215,1741.4000244140625,157.8699951171875
2021-03-22,14736.400390625,72.40499877929688,16.413990020751953,1737.800048828125,157.3300018310547
2021-03-23,14814.75,72.38050079345703,15.304543495178223,1724.699951171875,158.35000610351562
2021-03-24,14549.400390625,72.61219787597656,14.356545448303223,1732.9000244140625,156.08999633789062
2021-03-25,14324.900390625,72.64559936523438,15.027181625366211,1724.9000244140625,153.86000061035156
2021-03-26,14507.2998046875,72.61280059814453,15.292120933532715,1732.199951171875,155.2100067138672
2021-03-29,,72.44719696044922,14.948526382446289,1712.0999755859375,
2021-03-30,14845.099609375,72.74189758300781,14.869867324829102,1683.9000244140625,158.4199981689453
2021-03-31,14690.7001953125,73.44529724121094,14.902985572814941,1713.800048828125,157.16000366210938
2021-04-01,14867.349609375,73.20349884033203,14.64632511138916,1726.5,158.6999969482422
2021-04-02,,73.28730010986328,,,
2021-04-05,14637.7998046875,73.3759994506836,14.534550666809082,1727.0,156.9600067138672
2021-04-06,14683.5,73.27950286865234,14.61320686340332,1741.5,157.38999938964844
2021-04-07,14819.0498046875,73.48999786376953,15.325238227844238,1740.0999755859375,158.82000732421875
2021-04-08,14873.7998046875,74.40149688720703,16.06210708618164,1756.800048828125,158.8699951171875
2021-04-09,14834.849609375,74.54450225830078,16.020709991455078,1743.300048828125,158.77999877929688
2021-04-12,14310.7998046875,74.72949981689453,15.784748077392578,1731.199951171875,154.0800018310547
2021-04-13,14504.7998046875,74.99099731445312,15.685391426086426,1746.199951171875,155.5
2021-04-14,,75.18150329589844,15.784748077392578,1734.9000244140625,
2021-04-15,14581.4501953125,75.0261001586914,15.635717391967773,1765.4000244140625,155.92999267578125
2021-04-16,14617.849609375,74.72740173339844,15.432873725891113,1779.0,156.4199981689453
2021-04-19,14359.4501953125,74.56320190429688,14.898848533630371,1769.4000244140625,154.08999633789062
2021-04-20,14296.400390625,74.8781967163086,14.625626564025879,1777.300048828125,153.2899932861328
2021-04-21,,75.44920349121094,14.938175201416016,1792.300048828125,
2021-04-22,14406.150390625,75.42949676513672,15.275562286376953,1781.199951171875,154.27000427246094
2021-04-23,14341.349609375,75.0916976928711,15.341796875,1777.0,153.86000061035156
2021-04-26,14485.0,74.86810302734375,15.610878944396973,1779.199951171875,155.1699981689453
2021-04-27,14653.0498046875,74.81490325927734,15.56120491027832,1778.0,156.8300018310547
2021-04-28,14864.5498046875,74.57499694824219,15.577760696411133,1773.199951171875,158.89999389648438
2021-04-29,14894.900390625,74.31179809570312,15.615021705627441,1768.0999755859375,159.10000610351562
2021-04-30,14631.099609375,74.10579681396484,15.428730964660645,1767.300048828125,157.0
2021-05-03,14634.150390625,74.09480285644531,16.024850845336914,1791.4000244140625,156.97000122070312
2021-05-04,14496.5,73.8375015258789,15.867541313171387,1775.800048828125,155.5500030517578
2021-05-05,14617.849609375,73.77890014648438,16.538179397583008,1784.0999755859375,156.80999755859375
2021-05-06,14724.7998046875,73.79940032958984,15.735068321228027,1815.5,157.5399932861328
2021-05-07,14823.150390625,73.61519622802734,16.322912216186523,1831.0999755859375,158.52999877929688
2021-05-10,14942.349609375,73.29029846191406,16.600269317626953,1837.5,159.69000244140625
2021-05-11,14850.75,73.5,16.488502502441406,1835.9000244140625,158.94000244140625
2021-05-12,14696.5,73.3750991821289,16.25667381286621,1822.5999755859375,157.69000244140625
2021-05-13,,73.68160247802734,18.80260467529297,1823.800048828125,
2021-05-14,14677.7998046875,73.44490051269531,19.920330047607422,1837.9000244140625,157.47000122070312
2021-05-17,14923.150390625,73.27890014648438,22.503511428833008,1867.5,159.52000427246094
2021-05-18,15108.099609375,73.26969909667969,22.22201156616211,1867.800048828125,161.3699951171875
2021-05-19,15030.150390625,73.1281967163086,21.46030616760254,1881.300048828125,160.6699981689453
2021-05-20,14906.0498046875,73.222900390625,23.327316284179688,1881.800048828125,159.63999938964844
2021-05-21,15175.2998046875,73.02189636230469,22.8222713470459,1876.699951171875,162.10000610351562
2021-05-24,15197.7001953125,72.90979766845703,22.16819190979004,1884.5999755859375,162.42999267578125
2021-05-25,15208.4501953125,72.83660125732422,21.919809341430664,1898.0999755859375,162.52999877929688
2021-05-26,15301.4501953125,72.80490112304688,21.96534538269043,1901.300048828125,163.4600067138672
2021-05-27,15337.849609375,72.67250061035156,21.381649017333984,1895.699951171875,164.1199951171875
2021-05-28,15435.650390625,72.68299865722656,22.072980880737305,1902.5,165.02000427246094
2021-05-31,15582.7998046875,72.39350128173828,,,166.7899932861328
2021-06-01,15574.849609375,72.48719787597656,22.557327270507812,1902.9000244140625,166.8800048828125
2021-06-02,15576.2001953125,72.8550033569336,21.89083480834961,1907.5,167.2899932861328
2021-06-03,15690.349609375,72.96510314941406,20.988370895385742,1871.199951171875,168.1699981689453
2021-06-04,15670.25,73.04419708251953,21.017351150512695,1889.800048828125,168.14999389648438
2021-06-07,15751.650390625,72.90969848632812,21.302989959716797,1896.800048828125,168.6300048828125
2021-06-08,15740.099609375,72.80940246582031,20.946977615356445,1892.199951171875,168.57000732421875
2021-06-09,15635.349609375,72.97530364990234,20.756547927856445,1893.199951171875,167.58999633789062
2021-06-10,15737.75,72.98529815673828,20.342578887939453,1894.199951171875,168.60000610351562
2021-06-11,15799.349609375,73.01229858398438,19.78785514831543,1877.4000244140625,169.3300018310547
2021-06-14,15811.849609375,73.23159790039062,19.953447341918945,1864.0,169.55999755859375
2021-06-15,15869.25,73.18080139160156,20.375696182250977,1854.5,170.27000427246094
2021-06-16,15767.5498046875,73.3447036743164,20.905576705932617,1859.5,169.69000244140625
2021-06-17,15691.400390625,73.8240966796875,20.007261276245117,1773.800048828125,168.7899932861328
2021-06-18,15683.349609375,74.25389862060547,20.08177375793457,1767.9000244140625,168.6699981689453
2021-06-21,15746.5,74.1438980102539,21.108427047729492,1781.800048828125,169.07000732421875
2021-06-22,15772.75,74.13520050048828,20.926279067993164,1776.300048828125,169.41000366210938
2021-06-23,15686.9501953125,74.33219909667969,20.28462028503418,1782.300048828125,168.67999267578125
2021-06-24,15790.4501953125,74.24690246582031,20.421232223510742,1775.5999755859375,169.67999267578125
2021-06-25,15860.349609375,74.19029998779297,20.168710708618164,1776.5999755859375,170.39999389648438
2021-06-28,15814.7001953125,74.21299743652344,19.618127822875977,1779.5999755859375,169.85000610351562
2021-06-29,15748.4501953125,74.285400390625,18.98474884033203,1762.800048828125,169.3300018310547
2021-06-30,15721.5,74.28759765625,19.24968910217285,1770.800048828125,169.1300048828125
2021-07-01,15680.0,74.37100219726562,19.373882293701172,1775.9000244140625,168.9199981689453
2021-07-02,15722.2001953125,74.54499816894531,19.034421920776367,1782.5999755859375,169.33999633789062
2021-07-05,15834.349609375,74.48179626464844,,,170.1300048828125
2021-07-06,15818.25,74.31780242919922,19.373882293701172,1793.5,170.1699981689453
2021-07-07,15879.650390625,74.76290130615234,19.204153060913086,1801.5,170.4600067138672
2021-07-08,15727.900390625,74.8218994140625,18.591474533081055,1799.5999755859375,169.47000122070312
2021-07-09,15689.7998046875,74.72139739990234,18.972333908081055,1810.0,169.07000732421875
2021-07-12,15692.599609375,74.4905014038086,19.224853515625,1805.5,169.0399932861328
2021-07-13,15812.349609375,74.54170227050781,18.81916046142578,1809.4000244140625,170.1699981689453
2021-07-14,15853.9501953125,74.65910339355469,18.39276885986328,1824.300048828125,170.60000610351562
2021-07-15,15924.2001953125,74.46910095214844,18.46728515625,1828.4000244140625,171.27999877929688
2021-07-16,15923.400390625,74.53700256347656,18.28927993774414,1814.5,171.41000366210938
2021-07-19,15752.400390625,74.63179779052734,18.173364639282227,1808.699951171875,169.77000427246094
2021-07-20,15632.099609375,74.99340057373047,19.03028678894043,1810.9000244140625,168.5399932861328
2021-07-21,,74.5270004272461,19.593290328979492,1802.9000244140625,
2021-07-22,15824.0498046875,74.44020080566406,19.539472579956055,1805.0,170.36000061035156
2021-07-23,15856.0498046875,74.4520034790039,19.593290328979492,1801.4000244140625,170.57000732421875
2021-07-26,15824.4501953125,74.44889831542969,20.292898178100586,1798.699951171875,170.27999877929688
2021-07-27,15746.4501953125,74.28949737548828,20.18526268005371,1799.5,169.67999267578125
2021-07-28,15709.400390625,74.5022964477539,20.342578887939453,1799.5,169.33999633789062
2021-07-29,15778.4501953125,74.38999938964844,21.091867446899414,1831.199951171875,169.9499969482422
2021-07-30,15763.0498046875,74.25199890136719,21.087724685668945,1812.5999755859375,169.69000244140625
2021-08-02,15885.150390625,74.37909698486328,20.802085876464844,1818.0999755859375,171.0
2021-08-03,16130.75,74.33200073242188,21.34025001525879,1810.0999755859375,173.27000427246094
2021-08-04,16258.7998046875,74.21440124511719,21.265731811523438,1810.5,174.6699981689453
2021-08-05,16294.599609375,74.18399810791016,21.153959274291992,1805.0999755859375,175.1300048828125
2021-08-06,16238.2001953125,74.08200073242188,21.211917877197266,1760.0,174.85000610351562
2021-08-09,16258.25,74.49140167236328,20.533002853393555,1723.4000244140625,175.41000366210938
2021-08-10,16280.099609375,74.46620178222656,20.76068687438965,1728.800048828125,175.6300048828125
2021-08-11,16282.25,74.43550109863281,20.872459411621094,1750.4000244140625,175.3699951171875
2021-08-12,16364.400390625,74.10299682617188,20.748266220092773,1749.0,176.1699981689453
2021-08-13,16529.099609375,74.26010131835938,20.748266220092773,1775.199951171875,177.94000244140625
2021-08-16,16563.05078125,74.216796875,20.764827728271484,1786.9000244140625,178.60000610351562
2021-08-17,16614.599609375,74.13500213623047,20.218387603759766,1785.0,178.91000366210938
2021-08-18,16568.849609375,74.364501953125,19.601566314697266,1781.5999755859375,178.75999450683594
2021-08-19,,74.2697982788086,19.005447387695312,1780.199951171875,
2021-08-20,16450.5,74.4292984008789,19.551889419555664,1781.0,177.32000732421875
2021-08-23,16496.44921875,74.30149841308594,19.866512298583984,1803.199951171875,178.10000610351562
2021-08-24,16624.599609375,74.10590362548828,20.090055465698242,1805.5999755859375,179.4600067138672
2021-08-25,16634.650390625,74.1447982788086,19.978282928466797,1788.199951171875,179.47000122070312
2021-08-26,16636.900390625,74.0999984741211,19.576730728149414,1792.199951171875,179.52000427246094
2021-08-27,16705.19921875,74.15599822998047,20.01553726196289,1816.5999755859375,180.24000549316406
2021-08-30,16931.05078125,73.49659729003906,20.11075782775879,1809.0,182.57000732421875
2021-08-31,17132.19921875,73.41120147705078,20.08177375793457,1815.0,184.5500030517578
2021-09-01,17076.25,72.99669647216797,20.2680606842041,1813.0999755859375,184.30999755859375
2021-09-02,17234.150390625,72.98509979248047,20.4543514251709,1808.699951171875,185.9600067138672
2021-09-03,17323.599609375,73.0542984008789,20.516447067260742,1830.9000244140625,186.91000366210938
2021-09-06,17377.80078125,72.99449920654297,,,187.5500030517578
2021-09-07,17362.099609375,73.11000061035156,20.470911026000977,1795.9000244140625,187.1699981689453
2021-09-08,17353.5,73.3904037475586,20.375696182250977,1790.699951171875,187.13999938964844
2021-09-09,17369.25,73.78900146484375,21.543092727661133,1797.4000244140625,187.4199981689453
2021-09-10,,73.53800201416016,24.130420684814453,1789.5999755859375,
2021-09-13,17355.30078125,73.52429962158203,24.14698028564453,1792.0,187.11000061035156
2021-09-14,17380.0,73.54080200195312,23.79924201965332,1804.699951171875,187.5399932861328
2021-09-15,17519.44921875,73.65080261230469,24.486434936523438,1792.4000244140625,189.00999450683594
2021-09-16,17629.5,73.43800354003906,25.2895450592041,1754.5999755859375,190.22000122070312
2021-09-17,17585.150390625,73.56490325927734,24.56624984741211,1749.4000244140625,189.82000732421875
2021-09-20,17396.900390625,73.69609832763672,24.04410743713379,1761.800048828125,187.86000061035156
2021-09-21,17562.0,73.65899658203125,24.5191707611084,1776.0,189.66000366210938
2021-09-22,17546.650390625,73.7927017211914,24.716047286987305,1776.699951171875,189.69000244140625
2021-09-23,17822.94921875,73.8749008178711,25.20822525024414,1747.699951171875,192.2899932861328
2021-09-24,17853.19921875,73.83999633789062,24.3693790435791,1749.699951171875,192.6300048828125
2021-09-27,17855.099609375,73.81289672851562,24.716047286987305,1750.0,192.7899932861328
2021-09-28,17748.599609375,73.82530212402344,24.540569305419922,1735.800048828125,191.44000244140625
2021-09-29,17711.30078125,74.16329956054688,24.895795822143555,1721.5,191.14999389648438
2021-09-30,17618.150390625,74.3219985961914,25.68756675720215,1755.300048828125,190.11000061035156
2021-10-01,17532.05078125,74.25440216064453,26.928712844848633,1757.0,189.22000122070312
2021-10-04,17691.25,74.152099609375,26.509292602539062,1766.199951171875,191.02999877929688
2021-10-05,17822.30078125,74.57279968261719,27.288223266601562,1759.5999755859375,192.1999969482422
2021-10-06,17646.0,74.56320190429688,27.53645133972168,1760.5,190.19000244140625
2021-10-07,17790.349609375,74.76000213623047,28.9744815826416,1757.9000244140625,191.82000732421875
2021-10-08,17895.19921875,74.83000183105469,29.539413452148438,1756.300048828125,192.5800018310547
2021-10-11,17945.94921875,75.30580139160156,28.486572265625,1754.5999755859375,193.08999633789062
2021-10-12,17991.94921875,75.40260314941406,27.87883949279785,1758.300048828125,193.66000366210938
2021-10-13,18161.75,75.48390197753906,28.914560317993164,1793.699951171875,195.55999755859375
2021-10-14,18338.55078125,75.3062973022461,29.179908752441406,1796.699951171875,197.11000061035156
2021-10-15,,74.99500274658203,29.445262908935547,1767.199951171875,
2021-10-18,18477.05078125,75.00589752197266,29.312580108642578,1764.800048828125,198.91000366210938
2021-10-19,18418.75,75.2354965209961,28.824682235717773,1769.699951171875,198.41000366210938
2021-10-20,18266.599609375,75.12010192871094,28.991600036621094,1784.0999755859375,197.3000030517578
2021-10-21,18178.099609375,74.80919647216797,28.65777587890625,1781.199951171875,196.0800018310547
2021-10-22,18114.900390625,74.86540222167969,29.064353942871094,1795.5,195.67999267578125
2021-10-25,18125.400390625,74.99369812011719,29.920326232910156,1806.0,195.7100067138672
2021-10-26,18268.400390625,75.08989715576172,30.318342208862305,1792.699951171875,197.1300048828125
2021-10-27,18210.94921875,74.88890075683594,30.630775451660156,1797.9000244140625,196.5399932861328
2021-10-28,17857.25,75.05000305175781,31.140073776245117,1801.5999755859375,193.67999267578125
2021-10-29,17671.650390625,74.79720306396484,32.0944709777832,1783.0,191.16000366210938
2021-11-01,17929.650390625,74.92829895019531,31.970361709594727,1795.0999755859375,193.83999633789062
2021-11-02,17888.94921875,74.82990264892578,32.89480209350586,1788.699951171875,193.10000610351562
2021-11-03,17829.19921875,74.71199798583984,33.81068801879883,1763.5999755859375,192.5800018310547
2021-11-04,17916.80078125,74.43550109863281,33.258583068847656,1793.0,193.58999633789062
2021-11-05,,74.47810363769531,30.797683715820312,1816.4000244140625,
2021-11-08,18068.55078125,74.19110107421875,28.773330688476562,1827.4000244140625,195.3699951171875
2021-11-09,18044.25,73.91850280761719,29.500898361206055,1830.199951171875,194.8800048828125
2021-11-10,18017.19921875,74.17479705810547,29.9674015045166,1847.5999755859375,194.66000366210938
2021-11-11,17873.599609375,74.40489959716797,31.054473876953125,1863.199951171875,193.25
2021-11-12,18102.75,74.32209777832031,32.15867614746094,1867.9000244140625,195.4600067138672
2021-11-15,18109.44921875,74.33999633789062,31.897602081298828,1866.0999755859375,195.52000427246094
2021-11-16,17999.19921875,74.43509674072266,31.486745834350586,1853.5999755859375,194.47000122070312
2021-11-17,17898.650390625,74.45860290527344,30.913244247436523,1869.699951171875,193.52999877929688
2021-11-18,17764.80078125,74.25980377197266,29.83901023864746,1861.0,192.13999938964844
2021-11-19,,74.17440032958984,28.692007064819336,1851.199951171875,
2021-11-22,17416.55078125,74.30259704589844,29.800487518310547,1806.0,188.52999877929688
2021-11-23,17503.349609375,74.42980194091797,29.89463996887207,1783.5,189.39999389648438
2021-11-24,17415.05078125,74.4469985961914,30.0401668548584,1784.0999755859375,188.25
2021-11-25,17536.25,74.625,,,189.50999450683594
2021-11-26,17026.44921875,74.50579833984375,30.266986846923828,1785.300048828125,184.50999450683594
2021-11-29,17053.94921875,74.98159790039062,30.635053634643555,1782.300048828125,184.5500030517578
2021-11-30,16983.19921875,75.05490112304688,29.637853622436523,1773.5999755859375,183.6999969482422
2021-12-01,17166.900390625,75.0509033203125,28.529382705688477,1781.5999755859375,185.72000122070312
2021-12-02,17401.650390625,75.01789855957031,27.08707046508789,1760.699951171875,187.99000549316406
2021-12-03,17196.69921875,74.9834976196289,26.299589157104492,1782.0,186.0
2021-12-06,16912.25,75.23400115966797,26.93727684020996,1777.5,183.00999450683594
2021-12-07,17176.69921875,75.39129638671875,27.27110481262207,1782.5999755859375,185.7100067138672
2021-12-08,17469.75,75.40859985351562,28.482295989990234,1783.4000244140625,188.47999572753906
2021-12-09,17516.849609375,75.38330078125,26.539249420166016,1774.5999755859375,189.13999938964844
2021-12-10,17511.30078125,75.59919738769531,26.111268997192383,1782.9000244140625,189.08999633789062
2021-12-13,17368.25,75.70999908447266,25.640485763549805,1786.300048828125,187.89999389648438
2021-12-14,17324.900390625,75.82689666748047,25.02419090270996,1770.4000244140625,187.3300018310547
2021-12-15,17221.400390625,76.04720306396484,25.512096405029297,1762.5999755859375,186.25
2021-12-16,17248.400390625,76.2114028930664,25.139747619628906,1796.5999755859375,186.6199951171875
2021-12-17,16985.19921875,76.1675033569336,25.36229705810547,1803.800048828125,183.77000427246094
2021-12-20,16614.19921875,76.00599670410156,24.823043823242188,1793.699951171875,179.92999267578125
2021-12-21,16770.849609375,75.75869750976562,25.251026153564453,1787.9000244140625,181.4499969482422
2021-12-22,16955.44921875,75.6864013671875,25.37941551208496,1801.5999755859375,183.3300018310547
2021-12-23,17072.599609375,75.45850372314453,26.329540252685547,1811.199951171875,184.10000610351562
2021-12-24,17003.75,75.06739807128906,,,183.4499969482422
2021-12-27,17086.25,75.31500244140625,26.239665985107422,1808.0999755859375,184.5500030517578
2021-12-28,17233.25,74.98030090332031,25.63406753540039,1810.199951171875,186.3000030517578
2021-12-29,17213.599609375,74.74500274658203,25.186824798583984,1805.0999755859375,186.1199951171875
2021-12-30,17203.94921875,74.57029724121094,25.987157821655273,1812.699951171875,186.13999938964844
2021-12-31,17354.05078125,74.43119812011719,26.1497859954834,1827.5,187.7899932861328
2022-01-03,17625.69921875,74.51380157470703,25.340900421142578,1799.4000244140625,190.72000122070312
2022-01-04,17805.25,74.4032974243164,25.319499969482422,1814.0,192.4600067138672
2022-01-05,17925.25,74.53489685058594,24.5191707611084,1824.5999755859375,193.33999633789062
2022-01-06,17745.900390625,74.43009948730469,24.151105880737305,1788.699951171875,191.9199981689453
2022-01-07,17812.69921875,74.41929626464844,24.095468521118164,1797.0,192.4199981689453
2022-01-10,18003.30078125,74.2699966430664,24.810197830200195,1798.4000244140625,194.35000610351562
2022-01-11,18055.75,74.05699920654297,25.212507247924805,1818.5999755859375,194.69000244140625
2022-01-12,18212.349609375,73.81529998779297,25.246742248535156,1827.199951171875,196.1999969482422
2022-01-13,18257.80078125,73.79910278320312,25.263858795166016,1821.199951171875,197.0
2022-01-14,18255.75,73.97229766845703,25.14402961730957,1816.5,197.36000061035156
2022-01-17,18308.099609375,74.37899780273438,,,198.02999877929688
2022-01-18,18113.05078125,74.25509643554688,25.358016967773438,1812.300048828125,195.97000122070312
2022-01-19,17938.400390625,74.61969757080078,25.768877029418945,1843.0999755859375,194.17999267578125
2022-01-20,17757.0,74.44920349121094,25.276700973510742,1842.5,192.17999267578125
2022-01-21,17617.150390625,74.45220184326172,24.574810028076172,1831.800048828125,190.63999938964844
2022-01-24,17149.099609375,74.41320037841797,25.443614959716797,1841.699951171875,185.7899932861328
2022-01-25,17277.94921875,74.6447982788086,25.315221786499023,1852.699951171875,187.07000732421875
2022-01-26,,74.77999877929688,25.40081787109375,1829.9000244140625,
2022-01-27,17110.150390625,74.8949966430664,25.169708251953125,1793.300048828125,185.3300018310547
2022-01-28,17101.94921875,75.20929718017578,25.259580612182617,1784.9000244140625,185.10000610351562
2022-01-31,17339.849609375,75.03900146484375,26.492176055908203,1795.0,187.6300048828125
2022-02-01,17576.849609375,74.55580139160156,27.382381439208984,1800.300048828125,189.6999969482422
2022-02-02,17780.0,74.74549865722656,27.527896881103516,1809.199951171875,192.1199951171875
2022-02-03,17560.19921875,74.82240295410156,27.039989471435547,1803.0,190.00999450683594
2022-02-04,17516.30078125,74.6438980102539,26.96723747253418,1806.5999755859375,189.58999633789062
2022-02-07,17213.599609375,74.64219665527344,28.589298248291016,1820.5999755859375,186.33999633789062
2022-02-08,17266.75,74.6583023071289,29.595056533813477,1826.5999755859375,186.80999755859375
2022-02-09,17463.80078125,74.69519805908203,31.670774459838867,1835.199951171875,189.02999877929688
2022-02-10,17605.849609375,74.80889892578125,32.12015914916992,1836.199951171875,190.11000061035156
2022-02-11,17374.75,75.53839874267578,32.081642150878906,1840.800048828125,188.0
2022-02-14,16842.80078125,75.34100341796875,31.465343475341797,1868.0,182.58999633789062
2022-02-15,17352.44921875,75.6854019165039,31.456789016723633,1854.800048828125,187.58999633789062
2022-02-16,17322.19921875,75.17479705810547,31.5338191986084,1870.199951171875,187.13999938964844
2022-02-17,17304.599609375,75.04199981689453,30.502382278442383,1900.699951171875,186.92999267578125
2022-02-18,17276.30078125,75.06300354003906,30.181392669677734,1898.5999755859375,186.63999938964844
2022-02-21,17206.650390625,74.68240356445312,,,186.2899932861328
2022-02-22,17092.19921875,74.51699829101562,29.218427658081055,1906.0999755859375,185.27000427246094
2022-02-23,17063.25,74.62300109863281,28.40526580810547,1909.199951171875,185.0500030517578
2022-02-24,16247.9501953125,74.63300323486328,29.115713119506836,1925.0999755859375,178.36000061035156
2022-02-25,16658.400390625,75.4083023071289,30.185670852661133,1886.5,180.85000610351562
2022-02-28,16793.900390625,75.06800079345703,30.68641471862793,1899.4000244140625,181.83999633789062
2022-03-01,,75.28479766845703,30.421062469482422,1942.4000244140625,
2022-03-02,16605.94921875,75.80120086669922,31.846242904663086,1920.9000244140625,180.10000610351562
2022-03-03,16498.05078125,75.63099670410156,33.28427505493164,1934.4000244140625,178.86000061035156
2022-03-04,16245.349609375,75.8917007446289,32.43687438964844,1965.0999755859375,176.25999450683594
2022-03-07,15863.150390625,76.41799926757812,30.395383834838867,1993.9000244140625,172.3300018310547
2022-03-08,16013.4501953125,77.08080291748047,30.605091094970703,2040.0999755859375,173.39999389648438
2022-03-09,16345.349609375,76.91449737548828,31.970361709594727,1985.9000244140625,176.97999572753906
2022-03-10,16594.900390625,76.13490295410156,31.409700393676758,1998.0999755859375,179.64999389648438
2022-03-11,16630.44921875,76.310302734375,29.99307632446289,1982.699951171875,179.97999572753906
2022-03-14,16871.30078125,76.75370025634766,29.710607528686523,1959.5999755859375,182.61000061035156
2022-03-15,16663.0,76.49009704589844,29.625011444091797,1928.5,180.60000610351562
2022-03-16,16975.349609375,76.26589965820312,31.1785945892334,1908.0,183.66000366210938
2022-03-17,17287.05078125,76.02420043945312,31.837682723999023,1942.0999755859375,186.7100067138672
2022-03-18,,75.98159790039062,31.90616798400879,1928.199951171875,
2022-03-21,17117.599609375,75.94640350341797,34.70945739746094,1928.5999755859375,185.3800048828125
2022-03-22,17315.5,76.30709838867188,33.626651763916016,1920.699951171875,187.33999633789062
2022-03-23,17245.650390625,76.10189819335938,33.870609283447266,1936.5999755859375,186.33999633789062
2022-03-24,17222.75,76.55239868164062,34.242958068847656,1961.5999755859375,186.08999633789062
2022-03-25,17153.0,76.32350158691406,33.98188018798828,1953.800048828125,185.82000732421875
2022-03-28,17222.0,76.27850341796875,33.31850814819336,1939.5999755859375,186.32000732421875
2022-03-29,17325.30078125,76.03410339355469,35.56114196777344,1912.0,187.22000122070312
2022-03-30,17498.25,75.66670227050781,34.07176208496094,1933.5,188.91000366210938
2022-03-31,17464.75,75.82779693603516,33.10023498535156,1949.199951171875,188.8699951171875
2022-04-01,17670.44921875,75.9092025756836,34.18303680419922,1919.0999755859375,190.47000122070312
2022-04-04,18053.400390625,75.99479675292969,33.635215759277344,1929.199951171875,195.19000244140625
2022-04-05,17957.400390625,75.47799682617188,32.9547233581543,1922.9000244140625,194.5500030517578
2022-04-06,17807.650390625,75.45069885253906,32.3213005065918,1918.4000244140625,193.0
2022-04-07,17639.55078125,75.94509887695312,32.39834213256836,1933.800048828125,191.25999450683594
2022-04-08,17784.349609375,75.91320037841797,33.16871643066406,1941.5999755859375,192.75999450683594
2022-04-11,17674.94921875,75.91729736328125,32.80065155029297,1944.300048828125,191.6699981689453
2022-04-12,17530.30078125,75.83699798583984,33.40839385986328,1972.0999755859375,190.4199981689453
2022-04-13,17475.650390625,76.1498031616211,35.09892272949219,1981.0,189.5399932861328
2022-04-14,,76.12169647216797,35.95489501953125,1970.9000244140625,
2022-04-15,,76.30879974365234,,,
2022-04-18,17173.650390625,76.3313980102539,36.83225631713867,1982.9000244140625,186.22999572753906
2022-04-19,16958.650390625,76.28019714355469,37.70106506347656,1955.699951171875,183.67999267578125
2022-04-20,17136.55078125,76.44539642333984,37.80805587768555,1952.300048828125,185.86000061035156
2022-04-21,17392.599609375,76.27619934082031,35.039005279541016,1944.9000244140625,188.10000610351562
2022-04-22,17171.94921875,76.28520202636719,33.635215759277344,1931.0,186.08999633789062
2022-04-25,16953.94921875,76.4635009765625,33.30995559692383,1893.199951171875,183.86000061035156
2022-04-26,17200.80078125,76.52780151367188,32.41118240356445,1901.4000244140625,186.11000061035156
2022-04-27,17038.400390625,76.79409790039062,33.19010925292969,1885.9000244140625,184.77999877929688
2022-04-28,17245.05078125,76.47219848632812,33.8663330078125,1888.699951171875,186.41000366210938
2022-04-29,17102.55078125,76.58899688720703,33.725101470947266,1909.300048828125,185.42999267578125
2022-05-02,17069.099609375,76.52310180664062,32.265663146972656,1861.800048828125,185.1199951171875
2022-05-03,,76.52410125732422,32.40690231323242,1868.800048828125,
2022-05-04,16677.599609375,76.46730041503906,33.147315979003906,1867.0,181.0500030517578
2022-05-05,16682.650390625,76.00160217285156,31.927560806274414,1874.0,181.00999450683594
2022-05-06,16411.25,76.54180145263672,30.095796585083008,1881.199951171875,177.94000244140625
2022-05-09,16301.849609375,76.9574966430664,28.225507736206055,1857.0999755859375,176.9499969482422
2022-05-10,16240.0498046875,77.3655014038086,27.780406951904297,1839.9000244140625,176.16000366210938
2022-05-11,16167.099609375,77.27140045166016,26.415138244628906,1852.5999755859375,175.33999633789062
2022-05-12,15808.0,77.41840362548828,26.27818489074707,1823.800048828125,171.72000122070312
2022-05-13,15782.150390625,77.44380187988281,27.206905364990234,1807.4000244140625,171.39999389648438
2022-05-16,15842.2998046875,77.48629760742188,26.94155502319336,1813.5,172.1300048828125
2022-05-17,16259.2998046875,77.8053970336914,27.81036376953125,1818.199951171875,176.44000244140625
2022-05-18,16240.2998046875,77.37239837646484,26.612010955810547,1815.9000244140625,176.0500030517578
2022-05-19,15809.400390625,77.81999969482422,27.669132232666016,1841.199951171875,171.6999969482422
2022-05-20,16266.150390625,77.42109680175781,27.065673828125,1841.800048828125,175.9199981689453
2022-05-23,16214.7001953125,77.81839752197266,29.749135971069336,1847.800048828125,175.52999877929688
2022-05-24,16125.150390625,77.52680206298828,30.207069396972656,1865.0999755859375,175.08999633789062
2022-05-25,16025.7998046875,77.47879791259766,33.33990478515625,1846.199951171875,174.1300048828125
2022-05-26,16170.150390625,77.49729919433594,34.23866653442383,1847.4000244140625,175.57000732421875
2022-05-27,16352.4501953125,77.63020324707031,33.25003433227539,1851.300048828125,177.10000610351562
2022-05-30,16661.400390625,77.69200134277344,,,180.42999267578125
2022-05-31,16584.55078125,77.5208969116211,32.539573669433594,1842.699951171875,179.8699951171875
2022-06-01,16522.75,77.5989990234375,31.27274513244629,1843.300048828125,179.58999633789062
2022-06-02,16628.0,77.58409881591797,32.47965621948242,1866.5,180.67999267578125
2022-06-03,16584.30078125,77.3604965209961,31.675052642822266,1845.4000244140625,180.2100067138672
2022-06-06,16569.55078125,77.69419860839844,29.522300720214844,1839.199951171875,180.14999389648438
2022-06-07,16416.349609375,77.82099914550781,29.958839416503906,1847.5,178.55999755859375
2022-06-08,16356.25,77.67060089111328,28.9830379486084,1851.9000244140625,178.0800018310547
2022-06-09,16478.099609375,77.72429656982422,28.024356842041016,1848.800048828125,179.39999389648438
2022-06-10,16201.7998046875,77.8187026977539,28.897443771362305,1871.5,176.4600067138672
2022-06-13,15774.400390625,78.17759704589844,25.995716094970703,1828.0,171.8699951171875
2022-06-14,15732.099609375,78.16059875488281,26.449378967285156,1809.5,171.3000030517578
2022-06-15,15692.150390625,77.9854965209961,27.039989471435547,1815.300048828125,171.10000610351562
2022-06-16,15360.599609375,77.90019989013672,26.783203125,1845.699951171875,167.55999755859375
2022-06-17,15293.5,77.97769927978516,26.586332321166992,1835.5999755859375,166.8699951171875
2022-06-20,15350.150390625,77.9614028930664,,,167.30999755859375
2022-06-21,15638.7998046875,77.93399810791016,27.510774612426758,1834.5999755859375,170.25999450683594
2022-06-22,15413.2998046875,78.13490295410156,27.373815536499023,1834.300048828125,168.0800018310547
2022-06-23,15556.650390625,78.19309997558594,27.510774612426758,1825.699951171875,169.7100067138672
2022-06-24,15699.25,78.14240264892578,28.674890518188477,1826.5,171.16000366210938
2022-06-27,15832.0498046875,78.2522964477539,29.34255027770996,1820.9000244140625,172.6199951171875
2022-06-28,15850.2001953125,78.44110107421875,28.127073287963867,1817.5,172.64999389648438
2022-06-29,15799.099609375,79.07319641113281,27.39093780517578,1813.699951171875,171.86000061035156
2022-06-30,15780.25,78.89830017089844,27.604930877685547,1804.0999755859375,171.60000610351562
2022-07-01,15752.0498046875,78.96299743652344,27.647729873657227,1798.9000244140625,171.63999938964844
2022-07-04,15835.349609375,78.95069885253906,,,172.6300048828125
2022-07-05,15810.849609375,78.93949890136719,23.701723098754883,1761.800048828125,172.0399932861328
2022-07-06,15989.7998046875,79.36840057373047,23.273740768432617,1734.9000244140625,174.1199951171875
2022-07-07,16132.900390625,79.04389953613281,24.360816955566406,1737.9000244140625,175.5399932861328
2022-07-08,16220.599609375,79.22160339355469,23.949951171875,1740.5999755859375,176.27999877929688
2022-07-11,16216.0,79.3313980102539,24.514888763427734,1730.0,176.22999572753906
2022-07-12,16058.2998046875,79.47779846191406,23.915719985961914,1723.300048828125,175.10000610351562
2022-07-13,15966.650390625,79.47640228271484,24.086904525756836,1734.199951171875,174.05999755859375
2022-07-14,15938.650390625,79.80750274658203,23.915719985961914,1704.5,173.92999267578125
2022-07-15,16049.2001953125,79.87830352783203,24.557687759399414,1702.4000244140625,175.02000427246094
2022-07-18,16278.5,79.72049713134766,25.0798282623291,1709.199951171875,177.38999938964844
2022-07-19,16340.5498046875,80.0302963256836,26.226821899414062,1710.0,177.8800048828125
2022-07-20,16520.849609375,79.85590362548828,25.841642379760742,1699.5,179.52999877929688
2022-07-21,16605.25,80.00340270996094,25.268144607543945,1712.699951171875,180.5399932861328
2022-07-22,16719.44921875,79.7759017944336,24.189624786376953,1727.0999755859375,181.88999938964844
2022-07-25,16631.0,79.87680053710938,24.65184783935547,1719.0,181.4600067138672
2022-07-26,16483.849609375,79.72250366210938,24.52345085144043,1717.699951171875,179.91000366210938
2022-07-27,16641.80078125,79.84120178222656,26.132673263549805,1719.0999755859375,181.60000610351562
2022-07-28,16929.599609375,79.84739685058594,25.79884147644043,1750.300048828125,184.17999267578125
2022-07-29,17158.25,79.57150268554688,25.93579864501953,1762.9000244140625,186.5399932861328
2022-08-01,17340.05078125,79.1948013305664,26.18402671813965,1769.0,188.6300048828125
2022-08-02,17345.44921875,78.95570373535156,26.73184585571289,1771.0999755859375,188.6199951171875
2022-08-03,17388.150390625,78.60449981689453,27.741880416870117,1758.0,189.11000061035156
2022-08-04,17382.0,79.11830139160156,28.66633415222168,1788.5,189.1699981689453
2022-08-05,17397.5,79.15489959716797,28.118515014648438,1772.9000244140625,189.25
2022-08-08,17525.099609375,79.41059875488281,28.78617286682129,1786.800048828125,190.7899932861328
2022-08-09,,79.60189819335938,29.205585479736328,1794.0,
2022-08-10,17534.75,79.57839965820312,30.095796585083008,1795.5999755859375,191.0399932861328
2022-08-11,17659.0,79.0978012084961,30.386821746826172,1789.699951171875,192.33999633789062
2022-08-12,17698.150390625,79.61399841308594,30.553743362426758,1798.5999755859375,192.86000061035156
2022-08-15,,79.62760162353516,30.044431686401367,1781.4000244140625,
2022-08-16,17825.25,79.55290222167969,30.29266929626465,1773.199951171875,194.08999633789062
2022-08-17,17944.25,79.14600372314453,30.207069396972656,1760.300048828125,195.5500030517578
2022-08-18,17956.5,79.35970306396484,30.558015823364258,1755.300048828125,195.7100067138672
2022-08-19,17758.44921875,79.7667007446289,29.91604232788086,1747.5999755859375,193.61000061035156
2022-08-22,17490.69921875,79.91790008544922,28.614974975585938,1734.0,190.9499969482422
2022-08-23,17577.5,79.88379669189453,28.923118591308594,1746.800048828125,192.19000244140625
2022-08-24,17604.94921875,79.85449981689453,30.489538192749023,1747.800048828125,192.6300048828125
2022-08-25,17522.44921875,79.79679870605469,31.7392520904541,1757.699951171875,191.77999877929688
2022-08-26,17558.900390625,79.88289642333984,31.379745483398438,1736.0999755859375,191.9199981689453
2022-08-29,17312.900390625,79.95909881591797,31.165754318237305,1736.5999755859375,189.44000244140625
2022-08-30,17759.30078125,79.96790313720703,30.21563148498535,1723.199951171875,193.9199981689453
2022-08-31,,79.68229675292969,26.45793914794922,1712.800048828125,
2022-09-01,17542.80078125,79.54879760742188,23.958513259887695,1696.5999755859375,191.82000732421875
2022-09-02,17539.44921875,79.716796875,24.746002197265625,1709.800048828125,191.61000061035156
2022-09-05,17665.80078125,79.72450256347656,,,192.97999572753906
2022-09-06,17655.599609375,79.78299713134766,23.924274444580078,1700.4000244140625,192.47999572753906
2022-09-07,17624.400390625,79.89510345458984,24.668964385986328,1715.300048828125,192.3699951171875
2022-09-08,17798.75,79.6498031616211,25.45645523071289,1708.0,194.0
2022-09-09,17833.349609375,79.706298828125,25.73103904724121,1716.199951171875,194.60000610351562
2022-09-12,17936.349609375,79.65579986572266,25.73103904724121,1728.0999755859375,195.63999938964844
2022-09-13,18070.05078125,79.35530090332031,25.155298233032227,1705.0,196.9499969482422
2022-09-14,18003.75,79.60240173339844,24.738998413085938,1696.5,196.27000427246094
2022-09-15,17877.400390625,79.45369720458984,23.68495750427246,1665.4000244140625,195.69000244140625
2022-09-16,17530.849609375,79.8490982055664,22.498050689697266,1671.699951171875,191.89999389648438
2022-09-19,17622.25,79.68949890136719,22.825780868530273,1666.199951171875,192.75
2022-09-20,17816.25,79.7074966430664,21.311145782470703,1659.699951171875,194.44000244140625
2022-09-21,17718.349609375,79.76270294189453,21.638874053955078,1664.5999755859375,193.5
2022-09-22,17629.80078125,80.05069732666016,22.896636962890625,1670.800048828125,192.9199981689453
2022-09-23,17327.349609375,81.06220245361328,23.463520050048828,1645.300048828125,189.63999938964844
2022-09-26,17016.30078125,81.25479888916016,22.604341506958008,1623.300048828125,186.2100067138672
2022-09-27,17007.400390625,81.61579895019531,23.73809814453125,1626.699951171875,186.0500030517578
2022-09-28,16858.599609375,81.72460174560547,24.863004684448242,1660.4000244140625,184.47000122070312
2022-09-29,16818.099609375,81.42870330810547,25.084444046020508,1658.5,184.07000732421875
2022-09-30,17094.349609375,81.48059844970703,25.146440505981445,1662.4000244140625,186.8300018310547
2022-10-03,16887.349609375,81.52130126953125,25.88161277770996,1692.9000244140625,184.25
2022-10-04,17274.30078125,81.49500274658203,26.28020477294922,1721.0999755859375,188.2899932861328
2022-10-05,,81.46549987792969,26.129629135131836,1711.4000244140625,
2022-10-06,17331.80078125,81.6488037109375,26.07611846923828,1711.699951171875,188.94000244140625
2022-10-07,17314.650390625,82.3489990234375,25.166486740112305,1700.5,189.19000244140625
2022-10-10,17241.0,82.8322982788086,24.97028923034668,1667.300048828125,188.75
2022-10-11,16983.55078125,82.42070007324219,24.36386489868164,1678.699951171875,185.8699951171875
2022-10-12,17123.599609375,82.2739028930664,24.25685691833496,1670.300048828125,187.2100067138672
2022-10-13,17014.349609375,82.19999694824219,25.13973617553711,1670.0,186.22999572753906
2022-10-14,17185.69921875,82.19210052490234,23.579090118408203,1641.699951171875,188.02000427246094
2022-10-17,17311.80078125,82.41280364990234,24.57790184020996,1657.0,188.8300018310547
2022-10-18,17486.94921875,82.1947021484375,25.291336059570312,1649.0,190.63999938964844
2022-10-19,17512.25,82.2863998413086,24.676002502441406,1627.5,190.8300018310547
2022-10-20,17563.94921875,82.99700164794922,24.8811092376709,1630.800048828125,191.44000244140625
2022-10-21,17576.30078125,82.82569885253906,25.37160301208496,1651.0,191.52000427246094
2022-10-24,17730.75,82.54129791259766,25.612382888793945,1648.699951171875,193.1699981689453
2022-10-25,17656.349609375,82.7614974975586,25.68372917175293,1652.800048828125,192.49000549316406
2022-10-26,,82.44529724121094,26.35257339477539,1664.0,
2022-10-27,17736.94921875,82.04959869384766,26.477426528930664,1660.699951171875,193.4499969482422
2022-10-28,17786.80078125,82.44249725341797,26.86090087890625,1639.5999755859375,193.9600067138672
2022-10-31,18012.19921875,82.23919677734375,27.119522094726562,1635.9000244140625,196.27000427246094
2022-11-01,18145.400390625,82.72899627685547,27.128437042236328,1645.0,197.97999572753906
2022-11-02,18082.849609375,82.68450164794922,26.798471450805664,1645.699951171875,197.41000366210938
2022-11-03,18052.69921875,82.88839721679688,25.487529754638672,1627.300048828125,197.38999938964844
2022-11-04,18117.150390625,82.68180084228516,25.59455108642578,1672.5,197.77000427246094
2022-11-07,18202.80078125,81.9749984741211,24.417373657226562,1676.5,198.6199951171875
2022-11-08,,81.82599639892578,24.97028923034668,1712.0999755859375,
2022-11-09,18157.0,81.40519714355469,28.27885627746582,1710.0999755859375,198.32000732421875
2022-11-10,18028.19921875,81.34380340576172,29.02796173095703,1750.300048828125,196.86000061035156
2022-11-11,18349.69921875,80.48290252685547,29.589792251586914,1766.0,200.22000122070312
2022-11-14,18329.150390625,80.49700164794922,29.152812957763672,1773.5999755859375,200.1699981689453
2022-11-15,18403.400390625,80.99199676513672,29.866254806518555,1773.800048828125,200.91000366210938
2022-11-16,18409.650390625,81.07140350341797,29.019046783447266,1773.0,200.8699951171875
2022-11-17,18343.900390625,81.49530029296875,28.510717391967773,1760.800048828125,200.1999969482422
2022-11-18,18307.650390625,81.52490234375,28.501802444458008,1751.9000244140625,199.9199981689453
2022-11-21,18159.94921875,81.5198974609375,29.233078002929688,1737.4000244140625,198.5500030517578
2022-11-22,18244.19921875,81.72769927978516,30.231889724731445,1738.300048828125,199.22999572753906
2022-11-23,18267.25,81.71499633789062,30.21405029296875,1744.9000244140625,199.50999450683594
2022-11-24,18484.099609375,81.63289642333984,,,201.72000122070312
2022-11-25,18512.75,81.65540313720703,30.579689025878906,1753.300048828125,202.35000610351562
2022-11-28,18562.75,81.6697006225586,29.161731719970703,1740.0999755859375,203.0399932861328
2022-11-29,18618.05078125,81.65029907226562,29.616546630859375,1748.4000244140625,203.42999267578125
2022-11-30,18758.349609375,81.63089752197266,30.766969680786133,1746.0,204.6999969482422
2022-12-01,18812.5,81.3052978515625,30.793716430664062,1801.0999755859375,205.5399932861328
2022-12-02,18696.099609375,81.16220092773438,31.658756256103516,1795.9000244140625,204.80999755859375
2022-12-05,18701.05078125,81.42250061035156,30.69562339782715,1767.4000244140625,204.44000244140625
2022-12-06,18642.75,81.89900207519531,30.490510940551758,1769.300048828125,204.13999938964844
2022-12-07,18560.5,82.37220001220703,30.78479766845703,1785.5,202.8699951171875
2022-12-08,18609.349609375,82.25350189208984,31.373390197753906,1788.699951171875,203.6199951171875
2022-12-09,18496.599609375,82.2791976928711,31.230703353881836,1798.0999755859375,202.47999572753906
2022-12-12,18497.150390625,82.41300201416016,31.953060150146484,1780.5,202.61000061035156
2022-12-13,18608.0,82.64469909667969,29.759231567382812,1813.9000244140625,203.77000427246094
2022-12-14,18660.30078125,82.40249633789062,29.83057975769043,1807.5,204.35000610351562
2022-12-15,18414.900390625,82.50800323486328,29.259830474853516,1777.199951171875,201.5800018310547
2022-12-16,18269.0,82.85790252685547,29.875167846679688,1790.0,200.16000366210938
2022-12-19,18420.44921875,82.72599792480469,30.37458038330078,1787.699951171875,201.6699981689453
2022-12-20,18385.30078125,82.58190155029297,31.33771324157715,1815.9000244140625,201.2100067138672
2022-12-21,18199.099609375,82.63690185546875,31.248538970947266,1815.9000244140625,199.39999389648438
2022-12-22,18127.349609375,82.87860107421875,30.918567657470703,1787.0,198.5500030517578
2022-12-23,17806.80078125,82.8749008178711,30.68670654296875,1795.9000244140625,195.14999389648438
2022-12-26,18014.599609375,82.6041030883789,,,197.22999572753906
2022-12-27,18132.30078125,82.90290069580078,31.11476707458496,1814.800048828125,198.0
2022-12-28,18122.5,82.7761001586914,30.00002098083496,1807.9000244140625,197.99000549316406
2022-12-29,18191.0,82.85199737548828,30.927492141723633,1819.5,198.77999877929688
2022-12-30,18105.30078125,82.83509826660156,30.972076416015625,1819.699951171875,198.0399932861328
2023-01-02,18197.44921875,82.74980163574219,,,199.33999633789062
2023-01-03,18232.55078125,82.70600128173828,30.642114639282227,1839.699951171875,199.67999267578125
2023-01-04,18042.94921875,82.78569793701172,31.0790958404541,1852.800048828125,197.6699981689453
2023-01-05,17992.150390625,82.66649627685547,31.105846405029297,1834.800048828125,197.07000732421875
2023-01-06,17859.44921875,82.64520263671875,32.7021598815918,1864.199951171875,195.72000122070312
2023-01-09,18101.19921875,82.27339935302734,32.89836120605469,1872.699951171875,198.27999877929688
2023-01-10,17914.150390625,82.18009948730469,33.3085823059082,1871.5999755859375,196.1300048828125
2023-01-11,17895.69921875,81.63739776611328,33.9417610168457,1874.5999755859375,196.1300048828125
2023-01-12,17858.19921875,81.63179779052734,34.390010833740234,1895.5,195.61000061035156
2023-01-13,17956.599609375,81.1156005859375,34.7755126953125,1918.4000244140625,196.61000061035156
2023-01-16,17894.849609375,81.27799987792969,,,196.05999755859375
2023-01-17,18053.30078125,81.65260314941406,34.614139556884766,1907.199951171875,197.47000122070312
2023-01-18,18165.349609375,81.52549743652344,33.376953125,1904.4000244140625,198.64999389648438
2023-01-19,18107.849609375,81.43599700927734,33.1707649230957,1922.0999755859375,198.42999267578125
2023-01-20,18027.650390625,81.23979949951172,32.87491226196289,1926.4000244140625,197.4499969482422
2023-01-23,18118.55078125,80.97599792480469,34.085201263427734,1927.0999755859375,198.44000244140625
2023-01-24,18118.30078125,81.48799896240234,34.7934455871582,1933.9000244140625,198.4199981689453
2023-01-25,17891.94921875,81.60189819335938,35.259620666503906,1941.199951171875,196.0399932861328
2023-01-26,,81.50270080566406,35.13411331176758,1929.0999755859375,
2023-01-27,17604.349609375,81.44509887695312,34.91896438598633,1928.5999755859375,193.0
2023-01-30,17648.94921875,81.50800323486328,34.43483352661133,1922.9000244140625,193.25
2023-01-31,17662.150390625,81.57990264892578,34.515525817871094,1929.5,193.44000244140625
2023-02-01,17616.30078125,81.76840209960938,35.582366943359375,1927.800048828125,193.1300048828125
2023-02-02,17610.400390625,81.71029663085938,34.91896438598633,1916.300048828125,192.91000366210938
2023-02-03,17854.05078125,82.0458984375,33.89693832397461,1862.9000244140625,195.1199951171875
2023-02-06,17764.599609375,82.22599792480469,32.641822814941406,1866.199951171875,194.47999572753906
2023-02-07,17721.5,82.75499725341797,28.858564376831055,1871.699951171875,194.0399932861328
2023-02-08,17871.69921875,82.74189758300781,28.15032196044922,1877.4000244140625,195.5399932861328
2023-02-09,17893.44921875,82.65950012207031,26.47385597229004,1866.199951171875,195.88999938964844
2023-02-10,17856.5,82.533203125,26.402135848999023,1862.800048828125,195.49000549316406
2023-02-13,17770.900390625,82.51300048828125,26.20490264892578,1851.9000244140625,194.60000610351562
2023-02-14,17929.849609375,82.59739685058594,27.2896785736084,1854.0,195.97999572753906
2023-02-15,18015.849609375,82.86759948730469,28.697193145751953,1834.199951171875,197.0800018310547
2023-02-16,18035.849609375,82.73770141601562,28.786846160888672,1842.0,197.35000610351562
2023-02-17,17944.19921875,82.69529724121094,29.05579376220703,1840.4000244140625,196.3000030517578
2023-02-20,17844.599609375,82.75800323486328,,,195.58999633789062
2023-02-21,17826.69921875,82.69750213623047,28.096532821655273,1833.0,195.25999450683594
2023-02-22,17554.30078125,82.86119842529297,27.971023559570312,1832.0,192.50999450683594
2023-02-23,17511.25,82.83529663085938,26.8234920501709,1818.0,192.00999450683594
2023-02-24,17465.80078125,82.6178970336914,26.733842849731445,1808.800048828125,191.4600067138672
2023-02-27,17392.69921875,82.91799926757812,26.626262664794922,1817.0,190.55999755859375
2023-02-28,17303.94921875,82.6520004272461,26.27662467956543,1828.9000244140625,189.6999969482422
2023-03-01,17450.900390625,82.6353988647461,26.384204864501953,1837.699951171875,191.27999877929688
2023-03-02,17321.900390625,82.4198989868164,26.088359832763672,1833.5,189.92999267578125
2023-03-03,17594.349609375,82.35569763183594,26.47385597229004,1847.699951171875,192.50999450683594
2023-03-06,17711.44921875,81.7125015258789,26.07042694091797,1847.9000244140625,193.6300048828125
2023-03-07,,81.85440063476562,25.209779739379883,1813.9000244140625,
2023-03-08,17754.400390625,82.07460021972656,25.344257354736328,1812.699951171875,193.9499969482422
2023-03-09,17589.599609375,81.9645004272461,25.012544631958008,1829.300048828125,192.63999938964844
2023-03-10,17412.900390625,82.01840209960938,24.851179122924805,1862.0,190.75
2023-03-13,17154.30078125,81.95800018310547,24.833250045776367,1911.699951171875,188.1199951171875
2023-03-14,17043.30078125,82.41739654541016,25.08426856994629,1906.199951171875,186.91000366210938
2023-03-15,16972.150390625,82.30490112304688,25.73871612548828,1926.5999755859375,186.10000610351562
2023-03-16,16985.599609375,82.7156982421875,27.083480834960938,1919.0,186.22999572753906
2023-03-17,17100.05078125,82.622802734375,26.729360580444336,1969.800048828125,187.4199981689453
2023-03-20,16988.400390625,82.53299713134766,26.697982788085938,1979.199951171875,186.1999969482422
2023-03-21,17107.5,82.52909851074219,26.85935401916504,1938.0,187.4600067138672
2023-03-22,17151.900390625,82.677001953125,27.49587059020996,1946.800048828125,187.8800048828125
2023-03-23,17076.900390625,82.52580261230469,28.141357421875,1993.800048828125,186.91000366210938
2023-03-24,16945.05078125,82.26529693603516,29.163375854492188,1982.0999755859375,185.67999267578125
2023-03-27,16985.69921875,82.33879852294922,29.772998809814453,1952.4000244140625,186.17999267578125
2023-03-28,16951.69921875,82.21489715576172,30.248151779174805,1972.4000244140625,185.7100067138672
2023-03-29,17080.69921875,82.16429901123047,29.880584716796875,1966.0999755859375,187.08999633789062
2023-03-30,,82.25540161132812,31.171550750732422,1980.300048828125,
2023-03-31,17359.75,82.10050201416016,31.063976287841797,1969.0,189.86000061035156
2023-04-03,17398.05078125,82.18479919433594,31.691526412963867,1983.9000244140625,190.55999755859375
2023-04-04,,82.14089965820312,31.82599639892578,2022.199951171875,
2023-04-05,17557.05078125,82.11479949951172,31.718421936035156,2020.9000244140625,192.19000244140625
2023-04-06,17599.150390625,81.94999694824219,32.077022552490234,2011.9000244140625,192.94000244140625
2023-04-07,,81.831298828125,,,
2023-04-10,17624.05078125,81.88480377197266,32.49838638305664,1989.0999755859375,192.63999938964844
2023-04-11,17722.30078125,81.98390197753906,32.45355987548828,2004.800048828125,193.75999450683594
2023-04-12,17812.400390625,82.07009887695312,32.077022552490234,2010.9000244140625,194.63999938964844
2023-04-13,17828.0,81.96060180664062,32.22046661376953,2041.300048828125,194.77000427246094
2023-04-14,,81.68070220947266,32.193416595458984,2002.199951171875,
2023-04-17,17706.849609375,81.84480285644531,32.202430725097656,1994.199951171875,193.91000366210938
2023-04-18,17660.150390625,82.00370025634766,32.40077209472656,2007.4000244140625,193.24000549316406
2023-04-19,17618.75,82.10790252685547,32.364707946777344,1995.199951171875,192.86000061035156
2023-04-20,17624.44921875,82.34010314941406,32.0401611328125,2007.5999755859375,192.99000549316406
2023-04-21,17624.05078125,82.14089965820312,32.38273620605469,1979.5,192.85000610351562
2023-04-24,17743.400390625,82.05480194091797,32.18439865112305,1989.0999755859375,193.9499969482422
2023-04-25,17769.25,81.85230255126953,32.15736389160156,1994.0,194.1300048828125
2023-04-26,17813.599609375,81.9916000366211,32.121299743652344,1985.699951171875,194.6199951171875
2023-04-27,17915.05078125,81.76689910888672,31.990577697753906,1989.9000244140625,195.92999267578125
2023-04-28,18065.0,81.76509857177734,32.27455520629883,1990.0999755859375,197.2899932861328
2023-05-01,,81.74479675292969,32.2204704284668,1983.4000244140625,
2023-05-02,18147.650390625,81.77469635009766,32.004093170166016,2014.300048828125,198.38999938964844
2023-05-03,18089.849609375,81.77870178222656,31.41811180114746,2028.5999755859375,197.67999267578125
2023-05-04,18255.80078125,81.77999877929688,31.535308837890625,2048.0,199.44000244140625
2023-05-05,18069.0,81.71610260009766,32.72532272338867,2017.4000244140625,197.83999633789062
2023-05-08,18264.400390625,81.72979736328125,33.04985809326172,2026.300048828125,199.7100067138672
2023-05-09,18265.94921875,81.78710174560547,32.95069885253906,2036.199951171875,199.6999969482422
2023-05-10,18315.099609375,82.1050033569336,34.25791549682617,2030.5,200.0
2023-05-11,18297.0,81.9198989868164,33.689945220947266,2014.699951171875,200.35000610351562
2023-05-12,18314.80078125,82.10030364990234,33.66290283203125,2014.5,200.25999450683594
2023-05-15,18398.849609375,82.20030212402344,33.11297607421875,2018.0,201.33999633789062
2023-05-16,18286.5,82.2667007446289,32.472896575927734,1988.4000244140625,200.50999450683594
2023-05-17,18181.75,82.2959976196289,32.79744338989258,1980.699951171875,199.75999450683594
2023-05-18,18129.94921875,82.45030212402344,33.42851257324219,1956.5,199.0500030517578
2023-05-19,18203.400390625,82.72509765625,33.491615295410156,1978.699951171875,199.82000732421875
2023-05-22,18314.400390625,82.90480041503906,33.6358528137207,1974.800048828125,200.74000549316406
2023-05-23,18348.0,82.82499694824219,33.34737777709961,1972.4000244140625,201.02000427246094
2023-05-24,18285.400390625,82.8906021118164,32.54501724243164,1962.800048828125,200.24000549316406
2023-05-25,18321.150390625,82.71369934082031,31.33696937561035,1943.0999755859375,200.6999969482422
2023-05-26,18499.349609375,82.74210357666016,32.01311111450195,1944.0999755859375,202.85000610351562
2023-05-29,18598.650390625,82.57479858398438,,,204.13999938964844
2023-05-30,18633.849609375,82.57969665527344,31.60743522644043,1958.0,204.36000061035156
2023-05-31,18534.400390625,82.68389892578125,30.534616470336914,1963.9000244140625,203.66000366210938
2023-06-01,18487.75,82.66680145263672,31.08454704284668,1978.0,202.99000549316406
2023-06-02,18534.099609375,82.27670288085938,31.64349365234375,1952.4000244140625,203.83999633789062
2023-06-05,18593.849609375,82.40979766845703,32.62614822387695,1958.0,204.27999877929688
2023-06-06,18599.0,82.51119995117188,33.61781692504883,1965.5,204.0399932861328
2023-06-07,18726.400390625,82.51719665527344,34.12268829345703,1942.699951171875,205.33999633789062
2023-06-08,18634.55078125,82.61810302734375,34.15423583984375,1963.5999755859375,204.50999450683594
2023-06-09,18563.400390625,82.48829650878906,33.59077835083008,1962.199951171875,204.02999877929688
2023-06-12,18601.5,82.4448013305664,33.46456527709961,1955.300048828125,204.4600067138672
2023-06-13,18716.150390625,82.33719635009766,33.65388107299805,1944.5999755859375,205.4499969482422
2023-06-14,18755.900390625,82.29039764404297,33.23918914794922,1955.300048828125,205.85000610351562
2023-06-15,18688.099609375,82.04499816894531,32.54501724243164,1957.800048828125,205.30999755859375
2023-06-16,18826.0,81.9126968383789,32.43682861328125,1958.4000244140625,206.69000244140625
2023-06-19,18755.44921875,81.91480255126953,,,205.8699951171875
2023-06-20,18816.69921875,81.98139953613281,33.1490364074707,1935.5,206.5
2023-06-21,18856.849609375,81.9917984008789,34.25791549682617,1933.300048828125,206.8699951171875
2023-06-22,18771.25,81.94149780273438,34.014495849609375,1912.699951171875,206.24000549316406
2023-06-23,18665.5,81.91929626464844,32.49092483520508,1919.0999755859375,204.97999572753906
2023-06-26,18691.19921875,81.98480224609375,32.61714172363281,1923.699951171875,205.1699981689453
2023-06-27,18817.400390625,82.00650024414062,32.328643798828125,1914.0,206.4600067138672
2023-06-28,18972.099609375,81.99839782714844,32.25652313232422,1912.300048828125,208.17999267578125
2023-06-29,,82.02649688720703,33.03183364868164,1909.199951171875,
2023-06-30,19189.05078125,82.07540130615234,33.7485466003418,1921.0999755859375,210.61000061035156
2023-07-03,19322.55078125,82.09629821777344,33.951385498046875,1921.699951171875,212.3000030517578
2023-07-04,19389.0,81.95010375976562,,,213.05999755859375
2023-07-05,19398.5,82.0071029663086,32.977745056152344,1919.5999755859375,212.9199981689453
2023-07-06,19497.30078125,82.39409637451172,32.572059631347656,1908.699951171875,213.9600067138672
2023-07-07,19331.80078125,82.76840209960938,33.03183364868164,1926.199951171875,212.72000122070312
2023-07-10,19355.900390625,82.61530303955078,33.5637321472168,1925.0,212.63999938964844
2023-07-11,19439.400390625,82.52529907226562,34.50131607055664,1931.300048828125,213.4499969482422
2023-07-12,19384.30078125,82.39990234375,35.29466247558594,1956.199951171875,213.25
2023-07-13,19413.75,82.00180053710938,35.90769958496094,1959.199951171875,213.69000244140625
2023-07-14,19564.5,82.03079986572266,35.894107818603516,1960.0999755859375,214.8300018310547
2023-07-17,19711.44921875,82.07679748535156,36.605377197265625,1952.4000244140625,216.52999877929688
2023-07-18,19749.25,82.06159973144531,36.85908126831055,1977.199951171875,217.02000427246094
2023-07-19,19833.150390625,82.07540130615234,37.03123092651367,1977.5,217.97000122070312
2023-07-20,19979.150390625,82.06169891357422,36.79564666748047,1968.300048828125,219.50999450683594
2023-07-21,19745.0,82.0823974609375,36.76845932006836,1964.300048828125,217.47999572753906
2023-07-24,19672.349609375,81.99030303955078,37.275875091552734,1960.300048828125,216.72999572753906
2023-07-25,19680.599609375,81.81420135498047,37.438961029052734,1962.0999755859375,216.63999938964844
2023-07-26,19778.30078125,81.95010375976562,37.94636535644531,1968.9000244140625,217.72000122070312
2023-07-27,19659.900390625,81.97550201416016,36.052669525146484,1945.4000244140625,216.6300048828125
2023-07-28,19646.05078125,82.3749008178711,36.74128723144531,1960.4000244140625,216.33999633789062
2023-07-31,19753.80078125,82.25279998779297,36.958740234375,1970.5,217.5800018310547
2023-08-01,19733.55078125,82.2332992553711,36.80470657348633,1940.699951171875,217.22999572753906
2023-08-02,19526.55078125,82.30729675292969,35.7083625793457,1937.4000244140625,215.10000610351562
2023-08-03,19381.650390625,82.7332992553711,35.210018157958984,1932.0,213.55999755859375
2023-08-04,19517.0,82.7843017578125,35.12847900390625,1939.5999755859375,215.0399932861328
2023-08-07,19597.30078125,82.69529724121094,34.92007827758789,1933.5,215.9499969482422
2023-08-08,19570.849609375,82.74829864501953,34.17710494995117,1924.0999755859375,215.7899932861328
2023-08-09,19632.55078125,82.84500122070312,33.850914001464844,1915.4000244140625,216.49000549316406
2023-08-10,19543.099609375,82.86630249023438,33.0988655090332,1914.4000244140625,215.3300018310547
2023-08-11,19428.30078125,82.79989624023438,33.080745697021484,1912.9000244140625,214.39999389648438
2023-08-14,19434.55078125,82.89730072021484,32.618648529052734,1910.5999755859375,214.50999450683594
2023-08-15,,83.2333984375,31.621973037719727,1902.5,
2023-08-16,19465.0,83.19419860839844,31.631027221679688,1896.0999755859375,214.57000732421875
2023-08-17,19365.25,83.23699951171875,31.703521728515625,1884.0999755859375,213.6999969482422
2023-08-18,19310.150390625,83.09829711914062,31.603845596313477,1886.0999755859375,213.0
2023-08-21,19393.599609375,83.16729736328125,31.458881378173828,1893.300048828125,213.5
2023-08-22,19396.44921875,83.1135025024414,31.359210968017578,1896.4000244140625,213.42999267578125
2023-08-23,19444.0,83.07330322265625,31.427165985107422,1918.5,214.3699951171875
2023-08-24,19386.69921875,82.5447006225586,30.46219253540039,1918.199951171875,213.77000427246094
2023-08-25,19265.80078125,82.64140319824219,30.525617599487305,1911.0999755859375,212.75999450683594
2023-08-28,19306.05078125,82.66429901123047,30.95146942138672,1917.9000244140625,212.8699951171875
2023-08-29,19342.650390625,82.69149780273438,31.649150848388672,1936.5,213.16000366210938
2023-08-30,19347.44921875,82.49469757080078,31.458881378173828,1944.300048828125,213.5399932861328
2023-08-31,19253.80078125,82.70040130615234,30.915233612060547,1938.199951171875,212.77000427246094
2023-09-01,19435.30078125,82.68240356445312,34.29488754272461,1939.800048828125,214.27000427246094
2023-09-04,19528.80078125,82.6969985961914,,,215.58999633789062
2023-09-05,19574.900390625,82.7345962524414,33.20759582519531,1926.199951171875,215.83999633789062
2023-09-06,19611.05078125,83.08609771728516,32.43743896484375,1918.0999755859375,216.22000122070312
2023-09-07,19727.05078125,83.25740051269531,32.12936782836914,1917.5,217.2899932861328
2023-09-08,19819.94921875,83.24150085449219,32.863285064697266,1918.4000244140625,218.41000366210938
2023-09-11,19996.349609375,83.03130340576172,32.98442077636719,1923.300048828125,220.3800048828125
2023-09-12,19993.19921875,82.94329833984375,32.19242477416992,1911.300048828125,220.19000244140625
2023-09-13,20070.0,82.84300231933594,32.0433349609375,1909.0999755859375,221.42999267578125
2023-09-14,20103.099609375,82.93679809570312,31.512229919433594,1910.0,221.52999877929688
2023-09-15,20192.349609375,83.0282974243164,29.51826286315918,1923.699951171875,222.57000732421875
2023-09-18,20133.30078125,83.08580017089844,30.296279907226562,1931.5,221.9199981689453
2023-09-19,,83.25489807128906,29.695293426513672,1932.0,
2023-09-20,19901.400390625,83.19499969482422,29.089651107788086,1945.5999755859375,219.60000610351562
2023-09-21,19742.349609375,83.08699798583984,28.949886322021484,1919.199951171875,217.6300048828125
2023-09-22,19674.25,82.89129638671875,28.549226760864258,1925.4000244140625,216.80999755859375
2023-09-25,19674.55078125,82.97480010986328,28.148571014404297,1916.5999755859375,216.8000030517578
2023-09-26,19664.69921875,83.0282974243164,27.319299697875977,1900.4000244140625,216.57000732421875
2023-09-27,19716.44921875,83.29869842529297,27.021135330200195,1871.5999755859375,217.55999755859375
2023-09-28,19523.55078125,83.22270202636719,27.71063804626465,1860.4000244140625,215.77000427246094
2023-09-29,19638.30078125,83.19300079345703,27.3286190032959,1848.0999755859375,216.75
2023-10-02,,83.03479766845703,26.480714797973633,1830.0,
2023-10-03,19528.75,83.3593978881836,26.12664794921875,1824.5999755859375,215.57000732421875
2023-10-04,19436.099609375,83.22979736328125,26.30367660522461,1818.5,214.39999389648438
2023-10-05,19545.75,83.44979858398438,26.6204776763916,1816.5999755859375,215.52999877929688
2023-10-06,19653.5,83.22489929199219,27.155324935913086,1830.199951171875,216.6199951171875
2023-10-09,19512.349609375,83.12460327148438,26.948890686035156,1849.5,215.47999572753906
2023-10-10,19689.849609375,83.27030181884766,27.662023544311523,1861.0,217.1300048828125
2023-10-11,19811.349609375,83.25029754638672,27.981060028076172,1872.800048828125,218.75999450683594
2023-10-12,19794.0,83.21800231933594,27.981060028076172,1869.300048828125,218.60000610351562
2023-10-13,19751.05078125,83.26239776611328,28.68480682373047,1927.4000244140625,218.07000732421875
2023-10-16,19731.75,83.28230285644531,28.084278106689453,1921.0999755859375,217.89999389648438
2023-10-17,19811.5,83.19950103759766,28.23440933227539,1922.699951171875,218.5500030517578
2023-10-18,19671.099609375,83.26429748535156,27.905988693237305,1955.300048828125,217.1999969482422
2023-10-19,19624.69921875,83.26860046386719,27.46497344970703,1968.4000244140625,216.6699981689453
2023-10-20,19542.650390625,83.12229919433594,27.17409324645996,1982.5,215.3000030517578
2023-10-23,19281.75,83.15979766845703,27.089643478393555,1976.300048828125,213.1699981689453
2023-10-24,,83.02940368652344,26.50787925720215,1975.0,
2023-10-25,19122.150390625,82.98780059814453,26.34836196899414,1984.0999755859375,211.47999572753906
2023-10-26,18857.25,83.1709976196289,26.39527702331543,1987.199951171875,208.74000549316406
2023-10-27,19047.25,83.28250122070312,26.029327392578125,1988.5999755859375,210.57000732421875
2023-10-30,19140.900390625,83.41339874267578,25.578929901123047,1996.199951171875,211.52000427246094
2023-10-31,19079.599609375,83.29650115966797,25.41002655029297,1985.199951171875,210.97999572753906
2023-11-01,18989.150390625,83.2771987915039,24.424781799316406,1978.800048828125,209.99000549316406
2023-11-02,19133.25,85.19400024414062,25.175447463989258,1985.5999755859375,211.63999938964844
2023-11-03,19230.599609375,83.24729919433594,25.59769630432129,1991.5,212.69000244140625
2023-11-06,19411.75,83.15850067138672,25.503862380981445,1981.5999755859375,214.55999755859375
2023-11-07,19406.69921875,83.2228012084961,24.72504997253418,1966.800048828125,214.49000549316406
2023-11-08,19443.5,83.23269653320312,23.045433044433594,1951.5,214.8300018310547
2023-11-09,19395.30078125,83.21769714355469,22.820234298706055,1964.199951171875,214.3000030517578
2023-11-10,19425.349609375,83.31939697265625,23.045433044433594,1932.5999755859375,214.24000549316406
2023-11-13,19443.55078125,83.29889678955078,23.1955623626709,1945.5,214.5500030517578
2023-11-14,,83.19760131835938,24.678129196166992,1961.800048828125,
2023-11-15,19675.44921875,82.98159790039062,24.274646759033203,1960.0999755859375,216.97000122070312
2023-11-16,19765.19921875,83.18620300292969,24.4810791015625,1983.9000244140625,218.16000366210938
2023-11-17,19731.80078125,83.12030029296875,24.89394760131836,1981.5999755859375,218.02000427246094
2023-11-20,19694.0,83.29149627685547,25.288047790527344,1977.699951171875,217.35000610351562
2023-11-21,19783.400390625,83.32219696044922,26.315519332885742,1999.300048828125,218.38999938964844
2023-11-22,19811.849609375,83.345703125,26.113773345947266,1991.4000244140625,218.52999877929688
2023-11-23,19802.0,83.54830169677734,,,218.55999755859375
2023-11-24,19794.69921875,83.34400177001953,26.104394912719727,2002.199951171875,218.47999572753906
2023-11-27,,83.31449890136719,26.36712646484375,2011.800048828125,
2023-11-28,19889.69921875,83.364501953125,26.85506248474121,2039.699951171875,219.55999755859375
2023-11-29,20096.599609375,83.41809844970703,26.817522048950195,2047.0999755859375,221.66000366210938
2023-11-30,20133.150390625,83.3302993774414,26.892595291137695,2038.0999755859375,222.1300048828125
2023-12-01,20267.900390625,83.35269927978516,27.971675872802734,2071.0,223.75
2023-12-04,20686.80078125,83.21859741210938,28.666038513183594,2024.0999755859375,228.17999267578125
2023-12-05,20855.099609375,83.41709899902344,27.718326568603516,2018.5,230.05999755859375
2023-12-06,20937.69921875,83.31590270996094,27.530658721923828,2030.5,230.94000244140625
2023-12-07,20901.150390625,83.28959655761719,27.596342086791992,2029.9000244140625,230.8300018310547
2023-12-08,20969.400390625,83.35489654541016,27.72770881652832,1998.300048828125,231.36000061035156
2023-12-11,20997.099609375,83.43009948730469,26.96765899658203,1978.0,231.7899932861328
2023-12-12,20906.400390625,83.34349822998047,26.179458618164062,1977.800048828125,230.9600067138672
2023-12-13,20926.349609375,83.39600372314453,28.20625877380371,1982.300048828125,231.14999389648438
2023-12-14,21182.69921875,83.2853012084961,28.375158309936523,2030.199951171875,233.99000549316406
2023-12-15,21456.650390625,83.29660034179688,27.971675872802734,2021.0999755859375,236.6199951171875
2023-12-18,21418.650390625,83.04170227050781,27.361759185791016,2026.300048828125,236.57000732421875
2023-12-19,21453.099609375,83.11119842529297,28.281322479248047,2038.4000244140625,236.6999969482422
2023-12-20,21150.150390625,83.09159851074219,28.04673957824707,2034.5,233.25
2023-12-21,21255.05078125,83.26719665527344,28.928773880004883,2039.0999755859375,234.60000610351562
2023-12-22,21349.400390625,83.13159942626953,28.975690841674805,2057.10009765625,235.5
2023-12-25,,83.16500091552734,,,
2023-12-26,21441.349609375,83.17230224609375,29.163358688354492,2058.199951171875,236.92999267578125
2023-12-27,21654.75,83.18280029296875,29.632522583007812,2081.89990234375,238.91000366210938
2023-12-28,21778.69921875,83.26719665527344,29.623140335083008,2073.89990234375,240.16000366210938
2023-12-29,21731.400390625,82.302001953125,28.38454246520996,2062.39990234375,239.64999389648438
2024-01-01,21741.900390625,83.24859619140625,,,240.35000610351562
2024-01-02,21665.80078125,83.20259857177734,27.6151123046875,2064.39990234375,239.2100067138672
2024-01-03,21517.349609375,83.25700378417969,26.761226654052734,2034.199951171875,237.74000549316406
2024-01-04,21658.599609375,83.31809997558594,27.46497344970703,2042.300048828125,239.3000030517578
2024-01-05,21710.80078125,83.2406005859375,27.35237693786621,2042.4000244140625,239.74000549316406
2024-01-08,21513.0,83.19110107421875,27.511892318725586,2026.5999755859375,237.67999267578125
2024-01-09,21544.849609375,83.05069732666016,26.920743942260742,2026.4000244140625,237.77999877929688
2024-01-10,21618.69921875,83.131103515625,26.733074188232422,2021.699951171875,238.75999450683594
2024-01-11,21647.19921875,83.02559661865234,25.888578414916992,2014.300048828125,238.8699951171875
2024-01-12,21894.55078125,83.07610321044922,27.060604095458984,2046.699951171875,241.72999572753906
2024-01-15,22097.44921875,82.87210083007812,,,244.07000732421875
2024-01-16,22032.30078125,82.8593978881836,27.022798538208008,2026.0,243.24000549316406
2024-01-17,21571.94921875,83.08899688720703,26.81485939025879,2002.5999755859375,238.3800048828125
2024-01-18,21462.25,83.17759704589844,26.691984176635742,2018.5999755859375,237.50999450683594
2024-01-19,21622.400390625,83.16059875488281,25.879125595092773,2026.5,239.14999389648438
2024-01-22,,83.12470245361328,26.295007705688477,2019.800048828125,
2024-01-23,21238.80078125,83.09510040283203,26.616369247436523,2023.699951171875,234.8699951171875
2024-01-24,21453.94921875,83.22139739990234,26.276103973388672,2013.9000244140625,237.2899932861328
2024-01-25,21352.599609375,83.09760284423828,25.746801376342773,2016.9000244140625,236.14999389648438
2024-01-26,,83.14610290527344,25.5105037689209,2016.800048828125,
2024-01-29,21737.599609375,83.12129974365234,26.66362762451172,2025.199951171875,240.0500030517578
2024-01-30,21522.099609375,83.1530990600586,25.661733627319336,2031.5,238.1300048828125
2024-01-31,21725.69921875,83.10970306396484,25.491600036621094,2048.39990234375,240.25999450683594
2024-02-01,21697.44921875,83.05359649658203,26.313907623291016,2053.0,240.02999877929688
2024-02-02,21853.80078125,82.92759704589844,25.708995819091797,2036.0999755859375,241.3000030517578
2024-02-05,21771.69921875,82.99929809570312,25.198593139648438,2025.699951171875,240.24000549316406
2024-02-06,21929.400390625,83.10369873046875,25.623924255371094,2034.5,242.00999450683594
2024-02-07,21930.5,83.07060241699219,24.744905471801758,2035.199951171875,242.35000610351562
2024-02-08,21717.94921875,83.01260375976562,24.896133422851562,2032.199951171875,240.27999877929688
2024-02-09,21782.5,82.98529815673828,25.019006729125977,2023.300048828125,240.77999877929688
2024-02-12,21616.05078125,83.0145034790039,25.926382064819336,2018.199951171875,239.32000732421875
2024-02-13,21743.25,82.99019622802734,24.565319061279297,1992.9000244140625,240.58999633789062
2024-02-14,21840.05078125,83.07460021972656,24.62203025817871,1990.300048828125,241.5500030517578
2024-02-15,21910.75,83.04309844970703,25.094621658325195,2002.0999755859375,242.72000122070312
2024-02-16,22040.69921875,83.00959777832031,24.47080421447754,2011.5,243.99000549316406
2024-02-19,22122.25,83.01599884033203,,,245.0399932861328
2024-02-20,22196.94921875,83.02100372314453,24.04547119140625,2027.5,245.3699951171875
2024-02-21,22055.05078125,82.8291015625,23.601232528686523,2022.300048828125,243.8699951171875
2024-02-22,22217.44921875,82.93840026855469,23.14754295349121,2019.699951171875,245.7899932861328
2024-02-23,22212.69921875,82.87229919433594,23.941503524780273,2038.5999755859375,245.69000244140625
2024-02-26,22122.05078125,82.88179779052734,23.818626403808594,2028.5,244.8699951171875
2024-02-27,22198.349609375,82.85199737548828,24.31011962890625,2034.0,245.5
2024-02-28,21951.150390625,82.94819641113281,24.092729568481445,2033.0,243.07000732421875
2024-02-29,21982.80078125,82.91190338134766,24.281766891479492,2045.699951171875,243.25
2024-03-01,22338.75,82.910400390625,25.529407501220703,2086.89990234375,246.85000610351562
2024-03-04,22405.599609375,82.84609985351562,25.879125595092773,2117.699951171875,247.8300018310547
2024-03-05,22356.30078125,82.9104995727539,26.228845596313477,2133.5,247.33999633789062
2024-03-06,22474.05078125,82.88480377197266,26.540756225585938,2150.300048828125,248.6199951171875
2024-03-07,22493.55078125,82.81909942626953,26.597463607788086,2158.0,248.6699981689453
2024-03-08,,82.7522964477539,26.94718360900879,2178.60009765625,
2024-03-11,22332.650390625,82.7520980834961,26.94718360900879,2182.5,247.4499969482422
2024-03-12,22335.69921875,82.7782974243164,26.436782836914062,2160.39990234375,247.4199981689453
2024-03-13,21997.69921875,82.83509826660156,27.022798538208008,2175.39990234375,243.7100067138672
2024-03-14,22146.650390625,82.83110046386719,26.238296508789062,2163.0,245.38999938964844
2024-03-15,22023.349609375,82.9655990600586,26.247745513916016,2157.300048828125,243.8000030517578
2024-03-18,22055.69921875,82.88890075683594,26.0587100982666,2160.699951171875,243.97999572753906
2024-03-19,21817.44921875,82.86360168457031,25.94529151916504,2156.300048828125,241.60000610351562
2024-03-20,21839.099609375,83.04239654541016,27.202381134033203,2157.89990234375,241.5800018310547
2024-03-21,22011.94921875,83.05460357666016,27.174028396606445,2182.39990234375,243.99000549316406
2024-03-22,22096.75,83.22660064697266,26.55965805053711,2158.10009765625,244.74000549316406
2024-03-25,,83.59359741210938,26.8526668548584,2174.800048828125,
2024-03-26,22004.69921875,83.41739654541016,26.777050018310547,2175.60009765625,243.7899932861328
2024-03-27,22123.650390625,83.34549713134766,28.40276527404785,2190.60009765625,244.9600067138672
2024-03-28,22326.900390625,83.36499786376953,29.0076847076416,2217.39990234375,246.9600067138672
2024-03-29,,83.39299774169922,,,
2024-04-01,22462.0,83.36479949951172,29.39521026611328,2236.5,248.19000244140625
2024-04-02,22453.30078125,83.40969848632812,28.97933006286621,2261.0,248.64999389648438
2024-04-03,22434.650390625,83.35030364990234,29.933961868286133,2294.39990234375,248.58999633789062
2024-04-04,22514.650390625,83.37329864501953,29.036035537719727,2288.800048828125,249.22999572753906
2024-04-05,22513.69921875,83.47779846191406,30.93585968017578,2325.699951171875,249.0500030517578
2024-04-08,22666.30078125,83.29679870605469,36.899967193603516,2331.699951171875,250.75
2024-04-09,22642.75,83.26959991455078,35.671234130859375,2343.5,250.74000549316406
2024-04-10,22753.80078125,83.22429656982422,37.60885238647461,2329.60009765625,251.57000732421875
2024-04-11,,83.4126968383789,37.85459899902344,2354.800048828125,
2024-04-12,22519.400390625,83.34929656982422,38.440616607666016,2356.199951171875,249.55999755859375
2024-04-15,22272.5,83.61109924316406,36.92084503173828,2365.800048828125,246.8699951171875
2024-04-16,22147.900390625,83.50599670410156,35.61954879760742,2390.800048828125,245.52000427246094
2024-04-17,,83.6675033569336,34.91665267944336,2371.699951171875,
2024-04-18,21995.849609375,83.5958023071289,35.03063201904297,2382.300048828125,243.94000244140625
2024-04-19,22147.0,83.54499816894531,36.075477600097656,2398.39990234375,245.52999877929688
2024-04-22,22336.400390625,83.38529968261719,35.34409713745117,2332.199951171875,247.30999755859375
2024-04-23,22368.0,83.38619995117188,35.84751510620117,2327.699951171875,247.82000732421875
2024-04-24,22402.400390625,83.2833023071289,36.30344009399414,2324.5,247.94000244140625
2024-04-25,22570.349609375,83.3405990600586,36.607398986816406,2329.800048828125,249.27000427246094
2024-04-26,22419.94921875,83.30180358886719,38.1081657409668,2334.800048828125,248.44000244140625
2024-04-29,22643.400390625,83.40229797363281,38.99153137207031,2345.39990234375,250.58999633789062
2024-04-30,22604.849609375,83.45110321044922,38.0606689453125,2291.39990234375,250.05999755859375
2024-05-01,,83.49839782714844,38.73507308959961,2299.89990234375,
2024-05-02,22648.19921875,83.40640258789062,39.285987854003906,2299.199951171875,250.83999633789062
2024-05-03,22475.849609375,83.40630340576172,39.247989654541016,2299.0,248.75
2024-05-06,22442.69921875,83.37999725341797,39.09601593017578,2321.60009765625,248.3699951171875
2024-05-07,22302.5,83.4728012084961,38.317134857177734,2315.199951171875,247.11000061035156
2024-05-08,22302.5,83.46990203857422,36.23695373535156,2313.60009765625,247.24000549316406
2024-05-09,21957.5,83.46430206298828,38.811058044433594,2332.10009765625,243.49000549316406
2024-05-10,22055.19921875,83.45939636230469,35.29659652709961,2367.300048828125,244.97000122070312
2024-05-13,22104.05078125,83.5248031616211,35.258602142333984,2336.10009765625,245.16000366210938
2024-05-14,22217.849609375,83.50550079345703,37.80421447753906,2353.39990234375,246.61000061035156
2024-05-15,22200.55078125,83.52420043945312,35.42957305908203,2388.699951171875,246.4199981689453
2024-05-16,22403.849609375,83.40509796142578,35.2301025390625,2380.0,248.17999267578125
2024-05-17,22466.099609375,83.47010040283203,36.82586669921875,2412.199951171875,248.72999572753906
2024-05-20,,83.30039978027344,37.31028747558594,2433.89990234375,
2024-05-21,22529.05078125,83.31500244140625,36.721378326416016,2421.699951171875,249.74000549316406
2024-05-22,22597.80078125,83.31680297851562,37.26279830932617,2389.199951171875,250.36000061035156
2024-05-23,22967.650390625,83.26709747314453,36.455421447753906,2335.0,254.2899932861328
2024-05-24,22957.099609375,83.2863998413086,36.09447479248047,2332.5,254.97999572753906
2024-05-27,22932.44921875,83.05220031738281,,,254.72000122070312
2024-05-28,22888.150390625,83.14569854736328,37.48126220703125,2355.199951171875,254.1999969482422
2024-05-29,22704.69921875,83.20649719238281,36.52191162109375,2340.300048828125,252.3699951171875
2024-05-30,22488.650390625,83.3656005859375,36.09447479248047,2342.89990234375,250.35000610351562
2024-05-31,22530.69921875,83.3208999633789,36.03748321533203,2322.89990234375,251.14999389648438
2024-06-03,23263.900390625,83.45079803466797,35.19211196899414,2346.60009765625,258.1400146484375
2024-06-04,21884.5,83.09339904785156,33.46812438964844,2325.5,250.47999572753906
2024-06-05,22620.349609375,83.62940216064453,33.700843811035156,2354.10009765625,251.3000030517578
2024-06-06,22821.400390625,83.38079833984375,34.30874252319336,2370.300048828125,252.97999572753906
2024-06-07,23290.150390625,83.47309875488281,33.28290557861328,2305.199951171875,258.4200134277344
2024-06-10,23259.19921875,83.52760314941406,33.52986145019531,2307.699951171875,257.94000244140625
2024-06-11,23264.849609375,83.52980041503906,32.618003845214844,2307.5,258.79998779296875
2024-06-12,23322.94921875,83.5968017578125,32.32354736328125,2336.0,259.3900146484375
2024-06-13,23398.900390625,83.5343017578125,31.782135009765625,2300.199951171875,260.29998779296875
2024-06-14,23465.599609375,83.52210235595703,30.91776466369629,2331.39990234375,260.6499938964844
2024-06-17,,83.55180358886719,30.97475814819336,2312.39990234375,
2024-06-18,23557.900390625,83.51010131835938,31.734638214111328,2330.39990234375,261.55999755859375
2024-06-19,23516.0,83.37409973144531,,,261.3800048828125
2024-06-20,23567.0,83.41950225830078,32.36154556274414,2353.800048828125,261.7200012207031
2024-06-21,23501.099609375,83.60160064697266,31.76313591003418,2316.39990234375,260.8699951171875
2024-06-24,23537.849609375,83.5625,32.29505157470703,2330.0,261.6600036621094
2024-06-25,23721.30078125,83.46040344238281,31.93410873413086,2316.60009765625,263.5899963378906
2024-06-26,23868.80078125,83.41459655761719,31.54467010498047,2299.199951171875,265.010009765625
2024-06-27,24044.5,83.58039855957031,30.737293243408203,2324.5,266.95001220703125
2024-06-28,24010.599609375,83.45089721679688,30.746789932250977,2327.699951171875,267.4800109863281
2024-07-01,24141.94921875,83.36750030517578,30.851274490356445,2327.60009765625,268.29998779296875
2024-07-02,24123.849609375,83.44129943847656,30.6803035736084,2323.0,269.0299987792969
2024-07-03,24286.5,83.4791030883789,31.459184646606445,2359.800048828125,270.2300109863281
2024-07-04,24302.150390625,83.49120330810547,,,270.5299987792969
2024-07-05,24323.849609375,83.49340057373047,31.886621475219727,2388.5,270.5299987792969
2024-07-08,24320.55078125,83.47209930419922,31.687150955200195,2355.199951171875,270.0400085449219
2024-07-09,24433.19921875,83.45760345458984,32.02910232543945,2360.10009765625,271.3800048828125
2024-07-10,24324.44921875,83.49299621582031,32.618003845214844,2372.199951171875,270.9200134277344
2024-07-11,24315.94921875,83.49590301513672,33.919307708740234,2415.0,270.75
2024-07-12,24502.150390625,83.51850128173828,34.09028244018555,2414.0,271.94000244140625
2024-07-15,24586.69921875,83.52030181884766,34.37523651123047,2422.89990234375,273.0899963378906
2024-07-16,24613.0,83.58760070800781,35.486568450927734,2462.39990234375,273.54998779296875
2024-07-17,,83.52960205078125,34.850162506103516,2454.800048828125,
2024-07-18,24800.849609375,83.57209777832031,35.0316276550293,2451.800048828125,275.510009765625
2024-07-19,24530.900390625,83.67430114746094,34.945674896240234,2395.5,273.2900085449219
2024-07-22,24509.25,83.73030090332031,35.480506896972656,2392.0,272.45001220703125
2024-07-23,24479.05078125,83.67130279541016,35.948486328125,2404.60009765625,272.6400146484375
2024-07-24,24413.5,83.70680236816406,35.518707275390625,2413.300048828125,271.8900146484375
2024-07-25,24406.099609375,83.74299621582031,34.97432327270508,2351.89990234375,271.9200134277344
2024-07-26,24834.849609375,83.73760223388672,36.67433166503906,2380.0,276.05999755859375
2024-07-29,24836.099609375,83.72779846191406,36.0630989074707,2377.300048828125,276.67999267578125
2024-07-30,24857.30078125,83.75050354003906,35.996238708496094,2405.0,277.1000061035156
2024-07-31,24951.150390625,83.73899841308594,36.7125358581543,2426.5,277.75
2024-08-01,25010.900390625,83.7177963256836,34.907466888427734,2435.0,278.3299865722656
2024-08-02,24717.69921875,83.743896484375,33.7040901184082,2425.699951171875,275.69000244140625
2024-08-05,24055.599609375,83.73529815673828,32.959144592285156,2401.699951171875,269.4800109863281
2024-08-06,23992.55078125,84.00260162353516,33.197906494140625,2389.10009765625,267.6099853515625
2024-08-07,24297.5,83.93489837646484,32.60577392578125,2390.5,271.1000061035156
2024-08-08,24117.0,83.94239807128906,33.23611068725586,2422.199951171875,269.3299865722656
2024-08-09,24367.5,83.98899841308594,32.2619514465332,2432.10009765625,271.5899963378906
2024-08-12,24347.0,83.94979858398438,33.06420135498047,2462.39990234375,271.44000244140625
2024-08-13,24139.0,83.88999938964844,33.31251907348633,2466.699951171875,269.5199890136719
2024-08-14,24143.75,83.88200378417969,32.60577392578125,2439.39990234375,269.3399963378906
2024-08-15,,83.97149658203125,32.89229202270508,2453.10009765625,
2024-08-16,24541.150390625,83.94830322265625,34.095664978027344,2498.60009765625,273.80999755859375
2024-08-19,24572.650390625,83.88980102539062,34.525447845458984,2501.800048828125,274.42999267578125
2024-08-20,24698.849609375,83.87860107421875,34.60184860229492,2511.300048828125,275.8299865722656
2024-08-21,24770.19921875,83.77940368652344,35.46140670776367,2508.39990234375,276.1199951171875
2024-08-22,24811.5,83.88860321044922,34.58274459838867,2478.89990234375,276.4800109863281
2024-08-23,24823.150390625,83.94059753417969,35.8720817565918,2508.39990234375,276.6000061035156
2024-08-26,25010.599609375,83.81379699707031,35.117584228515625,2517.699951171875,278.8399963378906
2024-08-27,25017.75,83.88369750976562,34.98387145996094,2516.0,278.70001220703125
2024-08-28,25052.349609375,83.92160034179688,34.36308288574219,2501.0,278.94000244140625
2024-08-29,25151.94921875,83.94149780273438,34.10521697998047,2525.699951171875,280.1000061035156
2024-08-30,25235.900390625,83.89510345458984,37.21871566772461,2493.800048828125,281.0799865722656
2024-09-02,25278.69921875,83.86380004882812,,,281.45001220703125
2024-09-03,25279.849609375,83.92729949951172,38.13557434082031,2489.89990234375,281.7200012207031
2024-09-04,25198.69921875,83.95030212402344,38.50804901123047,2493.39990234375,281.2799987792969
2024-09-05,25145.099609375,83.98249816894531,41.573795318603516,2511.39990234375,280.42999267578125
2024-09-06,24852.150390625,83.98359680175781,41.88896179199219,2493.5,277.82000732421875
2024-09-09,24936.400390625,83.98259735107422,41.6788444519043,2501.800048828125,277.67999267578125
2024-09-10,25041.099609375,83.98090362548828,41.783905029296875,2512.300048828125,279.20001220703125
2024-09-11,24918.44921875,83.98200225830078,42.14683532714844,2512.10009765625,277.5400085449219
2024-09-12,25388.900390625,83.99259948730469,43.827728271484375,2551.199951171875,282.7099914550781
2024-09-13,25356.5,83.93479919433594,44.81144714355469,2581.300048828125,283.19000244140625
2024-09-16,25383.75,83.88480377197266,42.796268463134766,2580.39990234375,283.2699890136719
2024-09-17,25418.55078125,83.88400268554688,42.433345794677734,2564.300048828125,283.8900146484375
2024-09-18,25377.55078125,83.77059936523438,41.31592559814453,2570.699951171875,283.3599853515625
2024-09-19,25415.80078125,83.69170379638672,41.47828674316406,2588.0,283.9200134277344
2024-09-20,25790.94921875,83.61470031738281,41.115360260009766,2619.89990234375,287.1000061035156
2024-09-23,25939.05078125,83.48709869384766,40.94344711303711,2626.5,289.3399963378906
2024-09-24,25940.400390625,83.55960083007812,41.019859313964844,2651.199951171875,289.29998779296875
2024-09-25,26004.150390625,83.56759643554688,41.58334732055664,2659.199951171875,290.0899963378906
2024-09-26,26216.05078125,83.62409973144531,42.71986389160156,2669.89990234375,291.54998779296875
2024-09-27,26178.94921875,83.61710357666016,42.96818161010742,2644.300048828125,291.9700012207031
2024-09-30,25810.849609375,83.71640014648438,42.17548370361328,2636.10009765625,288.3800048828125
2024-10-01,25796.900390625,83.82730102539062,42.433345794677734,2667.300048828125,288.2699890136719
2024-10-02,,83.87210083007812,42.672115325927734,2647.10009765625,
2024-10-03,25250.099609375,83.91960144042969,42.595703125,2657.10009765625,282.69000244140625
2024-10-04,25014.599609375,84.0093994140625,42.04177474975586,2645.800048828125,280.1499938964844
2024-10-07,24795.75,84.02780151367188,40.37996292114258,2644.800048828125,278.010009765625
2024-10-08,25013.150390625,83.96410369873047,39.93854904174805,2615.0,279.3999938964844
2024-10-09,24981.94921875,83.91459655761719,39.13248825073242,2606.0,278.7200012207031
2024-10-10,24998.44921875,83.94219970703125,39.66986083984375,2620.60009765625,279.29998779296875
2024-10-11,24964.25,83.94599914550781,40.23603057861328,2657.60009765625,278.7200012207031
2024-10-14,25127.94921875,84.16829681396484,40.21683120727539,2647.800048828125,280.760009765625
2024-10-15,25057.349609375,84.04850006103516,39.78501510620117,2661.39990234375,279.8299865722656
2024-10-16,24971.30078125,84.05619812011719,41.05168151855469,2674.0,278.5
2024-10-17,24749.849609375,84.03929901123047,40.89815139770508,2691.0,276.69000244140625
2024-10-18,24854.05078125,84.05380249023438,41.79057693481445,2713.699951171875,277.5299987792969
2024-10-21,24781.099609375,84.0687026977539,40.015316009521484,2723.10009765625,276.4700012207031
2024-10-22,24472.099609375,84.07350158691406,39.46834945678711,2744.199951171875,273.55999755859375
2024-10-23,24435.5,84.08399963378906,37.93299102783203,2714.39990234375,273.0899963378906
2024-10-24,24399.400390625,84.06759643554688,37.942588806152344,2734.89990234375,272.1199951171875
2024-10-25,24180.80078125,84.08180236816406,37.47237777709961,2740.89990234375,270.4800109863281
2024-10-28,24339.150390625,84.10199737548828,37.97136306762695,2742.89990234375,271.9700012207031
2024-10-29,24466.849609375,84.10279846191406,37.70267868041992,2768.39990234375,273.5899963378906
2024-10-30,24340.849609375,84.08930206298828,37.520355224609375,2788.5,272.1600036621094
2024-10-31,24205.349609375,84.08910369873047,37.280452728271484,2738.300048828125,270.6400146484375
2024-11-01,24304.349609375,84.09149932861328,35.77388381958008,2738.60009765625,270.6400146484375
2024-11-04,23995.349609375,84.13359832763672,36.320858001708984,2736.10009765625,268.4700012207031
2024-11-05,24213.30078125,84.15249633789062,36.11933898925781,2740.300048828125,270.7900085449219
2024-11-06,24484.05078125,84.11630249023438,36.10974884033203,2667.60009765625,273.9100036621094
2024-11-07,24199.349609375,84.2511978149414,30.313762664794922,2698.39990234375,270.70001220703125
2024-11-08,24148.19921875,84.306396484375,30.304166793823242,2687.5,270.0299987792969
2024-11-11,24141.30078125,84.38289642333984,30.045072555541992,2611.199951171875,269.9599914550781
2024-11-12,23883.44921875,84.39649963378906,29.210224151611328,2600.0,267.17999267578125
2024-11-13,23559.05078125,84.39530181884766,29.02789878845215,2580.800048828125,263.6400146484375
2024-11-14,23532.69921875,84.4229965209961,28.356178283691406,2568.199951171875,263.57000732421875
2024-11-15,,84.47380065917969,27.73243522644043,2565.699951171875,
2024-11-18,23453.80078125,84.47750091552734,27.72283935546875,2610.60009765625,262.4700012207031
2024-11-19,23518.5,84.39849853515625,28.87436294555664,2627.10009765625,263.07000732421875
2024-11-20,,84.39759826660156,29.58446502685547,2648.199951171875,
2024-11-21,23349.900390625,84.38310241699219,28.701635360717773,2672.10009765625,261.2900085449219
2024-11-22,23907.25,84.48829650878906,28.53849983215332,2709.89990234375,266.8599853515625
2024-11-25,24221.900390625,84.43599700927734,29.008703231811523,2616.800048828125,270.7300109863281
2024-11-26,24194.5,84.37750244140625,28.66324806213379,2620.300048828125,270.5400085449219
2024-11-27,24274.900390625,84.33910369873047,29.248607635498047,2639.89990234375,271.5400085449219
2024-11-28,23914.150390625,84.42030334472656,,,267.67999267578125
2024-11-29,24131.099609375,84.47160339355469,29.075878143310547,2657.0,269.8800048828125
2024-12-02,24276.05078125,84.55699920654297,28.77840232849121,2634.89990234375,271.3800048828125
2024-12-03,24457.150390625,84.73709869384766,28.509714126586914,2644.699951171875,272.9800109863281
2024-12-04,24467.44921875,84.68309783935547,28.557693481445312,2653.800048828125,273.42999267578125
2024-12-05,24708.400390625,84.70700073242188,28.893556594848633,2626.60009765625,275.9200134277344
2024-12-06,24677.80078125,84.68379974365234,27.588499069213867,2638.60009765625,275.8800048828125
2024-12-09,24619.0,84.66600036621094,27.6364803314209,2664.89990234375,275.1400146484375
2024-12-10,24610.05078125,84.84729766845703,27.44455909729004,2697.60009765625,274.67999267578125
2024-12-11,24641.80078125,84.8740005493164,27.185466766357422,2733.800048828125,274.9700012207031
2024-12-12,24548.69921875,84.85710144042969,27.05112075805664,2687.5,274.1000061035156
2024-12-13,24768.30078125,84.83920288085938,27.271831512451172,2656.0,276.0799865722656
2024-12-16,24668.25,84.802001953125,26.868797302246094,2651.39990234375,275.4800109863281
2024-12-17,24336.0,84.91729736328125,26.14909553527832,2644.39990234375,272.2200012207031
2024-12-18,24198.849609375,84.91539764404297,25.957178115844727,2636.5,270.70001220703125
2024-12-19,23951.69921875,85.16549682617188,24.997577667236328,2592.199951171875,268.3900146484375
2024-12-20,23587.5,85.27940368652344,24.74808120727539,2628.699951171875,264.1499938964844
2024-12-23,23753.44921875,84.94499969482422,24.32585906982422,2612.300048828125,265.6600036621094
2024-12-24,23727.650390625,85.0988998413086,24.901620864868164,2620.0,265.489990234375
2024-12-25,,85.18150329589844,,,
2024-12-26,23750.19921875,85.41339874267578,25.295053482055664,2638.800048828125,265.6700134277344
2024-12-27,23813.400390625,85.26090240478516,25.06475067138672,2617.199951171875,266.3900146484375
2024-12-30,23644.900390625,85.38600158691406,25.045557022094727,2606.10009765625,264.3699951171875
2024-12-31,23644.80078125,85.7865982055664,26.293039321899414,2629.199951171875,264.4700012207031
2025-01-01,23742.900390625,,,,265.5899963378906
2025-01-02,24188.650390625,85.78569793701172,26.657686233520508,2658.89990234375,269.8900146484375
2025-01-03,24004.75,85.80400085449219,27.079912185668945,2645.0,268.4100036621094
2025-01-06,23616.05078125,85.75900268554688,26.504150390625,2638.39990234375,264.4800109863281
2025-01-07,23707.900390625,85.68070220947266,26.38899803161621,2656.699951171875,265.1600036621094
2025-01-08,23688.94921875,85.80650329589844,26.715261459350586,2664.5,264.9200134277344
2025-01-09,23526.5,85.90750122070312,,2683.800048828125,263.1499938964844
2025-01-10,23431.5,85.91999816894531,26.945568084716797,2708.5,262.2200012207031
2025-01-13,23085.94921875,86.18800354003906,26.60970687866211,2673.5,258.3999938964844
2025-01-14,23176.05078125,86.65059661865234,26.851348876953125,2677.5,259.260009765625
2025-01-15,23213.19921875,86.535400390625,26.98666763305664,2712.5,259.5799865722656
2025-01-16,23311.80078125,86.43099975585938,26.725692749023438,2746.39990234375,260.7200012207031
2025-01-17,23203.19921875,86.6061019897461,26.368064880371094,2744.300048828125,259.7699890136719
2025-01-20,23344.75,86.56900024414062,,,261.2900085449219
2025-01-21,23024.650390625,86.21109771728516,26.55171012878418,2755.0,257.9100036621094
2025-01-22,23155.349609375,86.45189666748047,26.097423553466797,2767.60009765625,258.8500061035156
2025-01-23,23205.349609375,86.47270202636719,26.532381057739258,2763.10009765625,259.510009765625
2025-01-24,23092.19921875,86.44020080566406,26.3583984375,2777.300048828125,258.19000244140625
2025-01-27,22829.150390625,86.2030029296875,26.2520751953125,2737.5,255.69000244140625
2025-01-28,22957.25,86.46839904785156,25.981433868408203,2766.800048828125,257.3299865722656
2025-01-29,23163.099609375,86.58460235595703,26.174747467041016,2769.10009765625,259.3800048828125
2025-01-30,23249.5,86.6406021118164,27.286304473876953,2823.0,260.2200012207031
2025-01-31,23508.400390625,86.64700317382812,27.228313446044922,2812.5,263.0
2025-02-01,23482.150390625,,,,262.1300048828125
2025-02-03,23361.05078125,86.55400085449219,26.98666763305664,2833.89990234375,261.4700012207031
2025-02-04,23739.25,86.94339752197266,26.745027542114258,2853.300048828125,265.04998779296875
2025-02-05,23696.30078125,87.13009643554688,26.783687591552734,2871.60009765625,265.25
2025-02-06,23603.349609375,87.33409881591797,27.353965759277344,2856.0,264.3699951171875
2025-02-07,23559.94921875,87.58830261230469,27.624603271484375,2867.300048828125,263.75
2025-02-10,23381.599609375,87.51309967041016,28.098222732543945,2914.300048828125,261.8999938964844
2025-02-11,23071.80078125,87.49009704589844,27.76959228515625,2912.5,258.54998779296875
2025-02-12,23045.25,86.81120300292969,27.730928421020508,2909.0,258.2699890136719
2025-02-13,23031.400390625,86.8740005493164,28.03056526184082,2925.89990234375,258.1700134277344
2025-02-14,22929.25,86.75409698486328,26.658035278320312,2883.60009765625,256.95001220703125
2025-02-17,22959.5,86.43460083007812,,,257.1099853515625
2025-02-18,22945.30078125,86.85479736328125,26.764358520507812,2931.60009765625,256.8399963378906
2025-02-19,22932.900390625,86.88719940185547,26.290739059448242,2919.39990234375,256.8900146484375
2025-02-20,22913.150390625,86.872802734375,26.532381057739258,2940.0,256.8500061035156
2025-02-21,22795.900390625,86.45120239257812,25.875112533569336,2937.60009765625,255.52999877929688
2025-02-24,22553.349609375,86.52940368652344,25.633468627929688,2947.89990234375,252.8699951171875
2025-02-25,22547.55078125,86.69010162353516,26.416393280029297,2904.5,252.75
2025-02-26,,87.0811996459961,26.49371910095215,2916.800048828125,
2025-02-27,22545.05078125,87.16220092773438,26.445388793945312,2883.199951171875,252.55999755859375
2025-02-28,22124.69921875,87.3270034790039,26.271406173706055,2836.800048828125,248.4499969482422
2025-03-03,22119.30078125,87.46399688720703,25.314498901367188,2890.199951171875,248.0500030517578
2025-03-04,22082.650390625,87.32959747314453,25.643136978149414,2909.60009765625,247.49000549316406
2025-03-05,22337.30078125,87.21700286865234,26.174747467041016,2915.300048828125,250.47999572753906
2025-03-06,22544.69921875,86.88929748535156,26.30040168762207,2916.60009765625,252.75
2025-03-07,22552.5,87.12879943847656,26.745027542114258,2904.699951171875,252.83999633789062
2025-03-10,22460.30078125,87.07379913330078,26.522714614868164,2891.0,251.75
2025-03-11,22497.900390625,87.3551025390625,26.43572425842285,2912.89990234375,252.0800018310547
2025-03-12,22470.5,87.20010375976562,25.952436447143555,2939.10009765625,251.74000549316406
2025-03-13,22397.19921875,87.3405990600586,26.38739585876465,2984.300048828125,251.05999755859375
2025-03-14,,86.9220962524414,26.82235336303711,2994.5,
2025-03-17,22508.75,86.93900299072266,27.025331497192383,3000.0,252.17999267578125
2025-03-18,22834.30078125,86.91639709472656,27.8469181060791,3035.10009765625,252.17999267578125
2025-03-19,22907.599609375,86.57610321044922,28.378530502319336,3035.89990234375,256.70001220703125
2025-03-20,23190.650390625,86.33709716796875,28.39786148071289,3040.0,259.32000732421875
2025-03-21,23350.400390625,86.33609771728516,27.469955444335938,3018.199951171875,261.0899963378906
2025-03-24,23658.349609375,85.98699951171875,27.363632202148438,3013.10009765625,264.8999938964844
2025-03-25,23668.650390625,85.53209686279297,27.237977981567383,3023.699951171875,264.7300109863281
2025-03-26,23486.849609375,85.59040069580078,26.667701721191406,3020.89990234375,262.8999938964844
2025-03-27,23591.94921875,86.09539794921875,27.460289001464844,3060.199951171875,263.7300109863281
2025-03-28,23519.349609375,85.69490051269531,25.565807342529297,3086.5,263.2099914550781
2025-03-31,,85.53880310058594,24.521915435791016,3122.800048828125,
2025-04-01,23165.69921875,85.46810150146484,24.396257400512695,3118.89990234375,259.6000061035156
2025-04-02,23332.349609375,85.61009979248047,24.425256729125977,3139.89990234375,261.6400146484375
2025-04-03,23250.099609375,85.65119934082031,22.43411636352539,3097.0,260.4599914550781
2025-04-04,22904.44921875,85.28289794921875,21.53520965576172,3012.0,257.1600036621094
2025-04-07,22161.599609375,85.529296875,20.375322341918945,2951.300048828125,249.10000610351562
2025-04-08,22535.849609375,86.0270004272461,20.186840057373047,2968.39990234375,252.72000122070312
2025-04-09,22399.150390625,86.435302734375,22.115148544311523,3056.5,251.02999877929688
2025-04-10,,86.20929718017578,21.375722885131836,3155.199951171875,
2025-04-11,22828.55078125,86.2603988647461,23.023725509643555,3222.199951171875,255.97000122070312
2025-04-14,,86.19300079345703,21.989498138427734,3204.800048828125,
2025-04-15,23328.55078125,86.0447998046875,22.126014709472656,3218.699951171875,260.8699951171875
2025-04-16,23437.19921875,85.72669982910156,23.2474308013916,3326.60009765625,261.9100036621094
2025-04-17,23851.650390625,85.62049865722656,22.984140396118164,3308.699951171875,266.5400085449219
2025-04-21,24125.55078125,,23.4912166595459,3406.199951171875,269.70001220703125
2025-04-22,24167.25,85.15889739990234,24.017793655395508,3400.800048828125,270.04998779296875
2025-04-23,24328.94921875,85.2323989868164,24.19331932067871,3276.300048828125,271.82000732421875
2025-04-24,24246.69921875,85.4999008178711,24.43710708618164,3332.0,270.95001220703125
2025-04-25,24039.349609375,85.2573013305664,24.33959197998047,3282.39990234375,268.6300048828125
2025-04-28,24328.5,85.38490295410156,23.7447566986084,3332.5,271.8999938964844
2025-04-29,24335.94921875,85.1603012084961,23.4912166595459,3318.800048828125,271.9100036621094
2025-04-30,24334.19921875,85.1707992553711,23.754507064819336,3305.0,271.989990234375
2025-05-01,,84.53119659423828,23.617984771728516,3210.0,
2025-05-02,24346.69921875,84.69670104980469,23.627735137939453,3231.89990234375,271.7699890136719
2025-05-05,24461.150390625,84.52629852294922,23.471715927124023,3311.300048828125,274.3900146484375
2025-05-06,24379.599609375,84.2208023071289,23.549724578857422,3411.39990234375,272.6000061035156
2025-05-07,24414.400390625,84.79319763183594,23.286436080932617,3381.39990234375,272.7900085449219
2025-05-08,24273.80078125,84.81719970703125,20.19523048400879,3296.60009765625,271.0400085449219
2025-05-09,24008.0,86.08219909667969,21.053359985351562,3335.39990234375,268.489990234375
2025-05-12,24924.69921875,85.4083023071289,21.306894302368164,3220.0,278.94000244140625
2025-05-13,24578.349609375,84.9656982421875,22.038253784179688,3240.300048828125,275.6499938964844
2025-05-14,24666.900390625,85.060302734375,21.336149215698242,3181.39990234375,276.57000732421875
2025-05-15,25062.099609375,85.48760223388672,20.653549194335938,3220.699951171875,280.1700134277344
2025-05-16,25019.80078125,85.44490051269531,20.8973331451416,3182.0,280.2099914550781
2025-05-19,24945.44921875,85.50029754638672,20.546281814575195,3228.89990234375,279.2099914550781
2025-05-20,24683.900390625,85.37210083007812,20.487775802612305,3280.300048828125,276.8900146484375
2025-05-21,24813.44921875,85.53610229492188,19.814924240112305,3309.300048828125,277.54998779296875
2025-05-22,24609.69921875,85.60030364990234,19.327350616455078,3292.300048828125,275.9100036621094
2025-05-23,24853.150390625,85.97489929199219,19.63939666748047,3363.60009765625,278.3699951171875
2025-05-26,25001.150390625,85.19930267333984,,,279.8900146484375
2025-05-27,24826.19921875,85.158203125,20.536531448364258,3299.10009765625,278.25
2025-05-28,24752.44921875,85.3604965209961,19.473623275756836,3293.60009765625,277.69000244140625
2025-05-29,24833.599609375,85.38590240478516,19.26884651184082,3317.10009765625,278.5400085449219
2025-05-30,24750.69921875,85.36129760742188,19.23958969116211,3288.89990234375,277.9700012207031
2025-06-02,24716.599609375,85.52429962158203,20.30249786376953,3370.60009765625,277.6000061035156
2025-06-03,24542.5,85.36370086669922,19.78567123413086,3350.199951171875,275.7699890136719
2025-06-04,24620.19921875,85.70880126953125,19.892934799194336,3373.5,276.4599914550781
2025-06-05,24750.900390625,85.9041976928711,20.126972198486328,3350.699951171875,278.04998779296875
2025-06-06,25003.05078125,85.87750244140625,20.400012969970703,3322.699951171875,280.5
2025-06-09,25103.19921875,85.7853012084961,20.760814666748047,3332.10009765625,281.3500061035156
2025-06-10,25104.25,85.75599670410156,20.9753475189209,3320.89990234375,281.3900146484375
2025-06-11,25141.400390625,85.65280151367188,21.063108444213867,3321.300048828125,281.8699951171875
2025-06-12,24888.19921875,85.46980285644531,20.73155975341797,3380.89990234375,278.95001220703125
2025-06-13,24718.599609375,85.68840026855469,21.667695999145508,3431.199951171875,277.1000061035156
2025-06-16,24946.5,86.24919891357422,21.043607711791992,3396.39990234375,279.70001220703125
2025-06-17,24853.400390625,86.10420227050781,20.87783432006836,3386.60009765625,278.5899963378906
2025-06-18,24812.05078125,86.36270141601562,20.770566940307617,3389.800048828125,278.239990234375
2025-06-19,24793.25,86.61360168457031,,,277.9100036621094
2025-06-20,25112.400390625,86.58380126953125,20.45851707458496,3368.10009765625,281.5
2025-06-23,24971.900390625,86.5802993774414,20.2244873046875,3377.699951171875,280.8599853515625
2025-06-24,25044.349609375,86.23300170898438,20.87783432006836,3317.39990234375,281.42999267578125
2025-06-25,25244.75,85.90480041503906,21.004600524902344,3327.10009765625,283.4100036621094
2025-06-26,25549.0,86.006103515625,21.365402221679688,3333.5,286.3900146484375
2025-06-27,25637.80078125,85.66639709472656,20.634044647216797,3273.699951171875,287.9599914550781
2025-06-30,25517.05078125,85.4552993774414,21.628692626953125,3294.39990234375,286.510009765625
2025-07-01,25541.80078125,85.71399688720703,21.911483764648438,3336.699951171875,286.8399963378906
2025-07-02,25453.400390625,85.6427993774414,22.165019989013672,3348.0,285.7799987792969
2025-07-03,25405.30078125,85.69409942626953,22.272287368774414,3331.60009765625,285.3900146484375
2025-07-04,25461.0,85.31909942626953,,3332.5,286.1099853515625
2025-07-07,25461.30078125,85.49629974365234,21.969993591308594,3332.199951171875,286.07000732421875
2025-07-08,25522.5,85.89199829101562,21.75545883178711,3307.0,286.9100036621094
2025-07-09,25476.099609375,85.7073974609375,22.41855812072754,3311.60009765625,286.5
2025-07-10,25355.25,85.70850372314453,23.325443267822266,3317.39990234375,285.1600036621094
2025-07-11,25149.849609375,85.73480224609375,23.544851303100586,3356.0,283.1099853515625
2025-07-14,25082.30078125,85.82129669189453,22.993894577026367,3351.5,282.7099914550781
2025-07-15,25195.80078125,85.96839904785156,21.921236038208008,3329.800048828125,283.69000244140625
2025-07-16,25212.05078125,85.99310302734375,21.930986404418945,3352.5,283.6400146484375
2025-07-17,25111.44921875,85.88520050048828,22.09676170349121,3340.10009765625,282.8299865722656
2025-07-18,24968.400390625,86.04650115966797,21.486787796020508,3353.0,281.42999267578125
2025-07-21,25090.69921875,86.14859771728516,21.703229904174805,3401.89990234375,282.260009765625
2025-07-22,25060.900390625,86.19529724121094,22.44110107421875,3439.199951171875,282.07000732421875
2025-07-23,25219.900390625,86.3427963256836,22.27385139465332,3394.10009765625,283.5299987792969
2025-07-24,25062.099609375,86.39869689941406,21.526140213012695,3371.0,282.1000061035156
2025-07-25,24837.0,86.4302978515625,21.732746124267578,3334.0,280.0299987792969
2025-07-28,24680.900390625,86.506103515625,21.496627807617188,3309.10009765625,278.489990234375
2025-07-29,24821.099609375,86.77760314941406,21.319538116455078,3323.39990234375,280.0899963378906
2025-07-30,24855.05078125,87.06320190429688,21.063743591308594,3295.800048828125,280.1300048828125
2025-07-31,24768.349609375,87.714599609375,20.93584442138672,3293.199951171875,279.260009765625
2025-08-01,24565.349609375,87.4894027709961,20.237327575683594,3347.699951171875,277.3500061035156
2025-08-04,24722.75,87.24530029296875,20.611183166503906,3374.39990234375,278.8500061035156
2025-08-05,24649.55078125,87.89330291748047,21.4080810546875,3381.89990234375,278.1400146484375
2025-08-06,24574.19921875,87.72309875488281,21.919673919677734,3380.0,277.30999755859375
2025-08-07,24596.150390625,87.76249694824219,21.821290969848633,3400.300048828125,277.2900085449219
2025-08-08,24363.30078125,87.43319702148438,21.693389892578125,3439.10009765625,275.1400146484375
2025-08-11,24585.05078125,87.48829650878906,21.55565643310547,3353.10009765625,277.2900085449219
2025-08-12,24487.400390625,87.66449737548828,22.559160232543945,3348.89990234375,276.5400085449219
2025-08-13,24619.349609375,87.59559631347656,23.25767707824707,3358.699951171875,278.0199890136719
2025-08-14,24631.30078125,87.44999694824219,22.864145278930664,3335.199951171875,278.2300109863281
2025-08-15,,87.69180297851562,23.0609130859375,3336.0,
2025-08-18,24876.94921875,87.51280212402344,23.20848846435547,3331.699951171875,281.07000732421875
2025-08-19,24980.650390625,87.29509735107422,22.795278549194336,3313.39990234375,281.9599914550781
2025-08-20,25050.55078125,87.0791015625,22.44110107421875,3343.39990234375,282.5199890136719
2025-08-21,25083.75,87.01820373535156,22.254173278808594,3336.89990234375,283.05999755859375
2025-08-22,24870.099609375,87.29340362548828,23.690561294555664,3374.39990234375,280.75
2025-08-25,24967.75,87.3301010131836,23.415088653564453,3373.800048828125,281.67999267578125
2025-08-26,24712.05078125,87.60859680175781,23.051074981689453,3388.60009765625,279.04998779296875
2025-08-27,,87.60070037841797,22.53948402404785,3404.60009765625,
2025-08-28,24500.900390625,87.65910339355469,22.598514556884766,3431.800048828125,276.92999267578125
2025-08-29,24426.849609375,87.5916976928711,23.031396865844727,3473.699951171875,276.05999755859375
2025-09-01,24625.05078125,88.17430114746094,,,278.17999267578125
2025-09-02,24579.599609375,88.00140380859375,23.178970336914062,3549.39990234375,277.67999267578125
2025-09-03,24715.05078125,87.99829864501953,23.464282989501953,3593.199951171875,278.94000244140625
2025-09-04,24734.30078125,88.072998046875,23.483957290649414,3565.800048828125,279.32000732421875
2025-09-05,24741.0,88.19290161132812,23.454442977905273,3613.199951171875,279.6000061035156
2025-09-08,24773.150390625,88.1863021850586,24.18247413635254,3638.10009765625,279.989990234375
2025-09-09,24868.599609375,87.98049926757812,24.054580688476562,3643.300048828125,280.5400085449219
2025-09-10,24973.099609375,88.21829986572266,23.65121078491211,3643.60009765625,281.8399963378906
2025-09-11,25005.5,88.05339813232422,24.60552215576172,3636.89990234375,282.5299987792969
2025-09-12,25114.0,88.2676010131836,26.54366111755371,3649.39990234375,283.510009765625
2025-09-15,25069.19921875,88.27729797363281,26.66172218322754,3682.199951171875,283.1199951171875
2025-09-16,25239.099609375,88.12349700927734,27.24217987060547,3688.89990234375,284.8900146484375
2025-09-17,25330.25,87.88459777832031,26.11077880859375,3681.800048828125,285.9800109863281
2025-09-18,25423.599609375,87.91069793701172,26.71091079711914,3643.699951171875,286.70001220703125
2025-09-19,25327.05078125,88.20690155029297,26.396087646484375,3671.5,285.8999938964844
2025-09-22,25202.349609375,88.09919738769531,26.66172218322754,3740.699951171875,284.489990234375
2025-09-23,25169.5,88.30439758300781,26.602693557739258,3780.60009765625,284.3500061035156
2025-09-24,25056.900390625,88.80799865722656,26.27802848815918,3732.10009765625,282.8800048828125
2025-09-25,24890.849609375,88.77860260009766,25.363069534301758,3736.89990234375,281.239990234375
2025-09-26,24654.69921875,88.77310180664062,26.218997955322266,3775.300048828125,278.739990234375
2025-09-29,24634.900390625,88.67680358886719,26.34689712524414,3820.89990234375,278.5400085449219
2025-09-30,24611.099609375,88.70449829101562,25.451614379882812,3840.800048828125,277.5199890136719
2025-10-01,24836.30078125,88.8406982421875,26.10093879699707,3867.5,280.510009765625
2025-10-02,,88.68299865722656,26.01239585876465,3839.699951171875,
2025-10-03,24894.25,88.72019958496094,26.258352279663086,3880.800048828125,281.1600036621094
2025-10-06,25077.650390625,88.73509979248047,25.34339141845703,3948.5,283.07000732421875
2025-10-07,25108.30078125,88.72109985351562,25.166303634643555,3976.60009765625,283.4100036621094
2025-10-08,25046.150390625,88.74259948730469,26.789615631103516,4043.300048828125,282.3800048828125
2025-10-09,25181.80078125,88.7771987915039,26.82897186279297,3946.300048828125,284.04998779296875
2025-10-10,25285.349609375,88.86540222167969,26.032068252563477,3975.89990234375,285.5199890136719
2025-10-13,25227.349609375,88.7573013305664,27.055252075195312,4108.60009765625,284.6400146484375
2025-10-14,25145.5,88.66510009765625,27.261852264404297,4138.7001953125,283.69000244140625
2025-10-15,25323.55078125,88.78250122070312,27.49797248840332,4176.89990234375,286.07000732421875
2025-10-16,25585.30078125,87.80950164794922,29.21967315673828,4280.2001953125,288.70001220703125
2025-10-17,25709.849609375,87.9906997680664,27.025733947753906,4189.89990234375,290.1700134277344
2025-10-20,25843.150390625,88.0022964477539,28.098108291625977,4336.39990234375,291.8599853515625
2025-10-21,25868.599609375,87.87999725341797,26.681398391723633,4087.699951171875,291.8699951171875
2025-10-22,,88.00160217285156,26.54366111755371,4044.39990234375,
2025-10-23,25891.400390625,87.74030303955078,26.88800048828125,4125.5,292.3900146484375
2025-10-24,25795.150390625,87.77899932861328,27.57668113708496,4118.39990234375,
2025-10-27,25966.05078125,87.8290023803711,27.320884704589844,4001.89990234375,293.3500061035156
2025-10-28,25936.19921875,88.22209930419922,27.07493019104004,3966.199951171875,293.1000061035156
2025-10-29,26053.900390625,88.22550201416016,26.681398391723633,3983.699951171875,294.5
2025-10-30,25877.849609375,88.34559631347656,26.37641143798828,4001.300048828125,292.5799865722656
2025-10-31,25722.099609375,88.6344985961914,26.150129318237305,3982.199951171875,291.0799865722656
2025-11-03,25763.349609375,88.77539825439453,25.923851013183594,4000.300048828125,291.3500061035156
2025-11-04,25597.650390625,88.72339630126953,24.330047607421875,3947.699951171875,289.5899963378906
2025-11-05,,88.73200225830078,24.43827247619629,3980.300048828125,
2025-11-06,25509.69921875,88.55690002441406,24.585845947265625,3979.89990234375,288.239990234375
2025-11-07,25492.30078125,88.6729965209961,24.88099479675293,3999.39990234375,288.44000244140625
2025-11-10,25574.349609375,88.65799713134766,26.671558380126953,4111.7998046875,289.489990234375
2025-11-11,25694.94921875,88.70709991455078,25.5893497467041,4106.7998046875,290.82000732421875
2025-11-12,25875.80078125,88.46649932861328,25.86482048034668,4204.39990234375,292.7200012207031
2025-11-13,25879.150390625,88.59400177001953,25.018728256225586,4186.89990234375,292.3900146484375
2025-11-14,25910.05078125,88.81610107421875,24.83180046081543,4087.60009765625,292.8299865722656
2025-11-17,26013.44921875,88.68199920654297,24.96953773498535,4068.300048828125,293.9700012207031
2025-11-18,25910.05078125,88.63590240478516,25.205657958984375,4061.300048828125,292.9700012207031
2025-11-19,26052.650390625,88.55680084228516,25.50312614440918,4077.699951171875,294.3699951171875
2025-11-20,26192.150390625,88.48719787597656,25.64194679260254,4056.5,295.6400146484375
2025-11-21,26068.150390625,88.69219970703125,26.217056274414062,4076.699951171875,294.32000732421875
2025-11-24,25959.5,89.63400268554688,25.8204288482666,4091.89990234375,293.29998779296875
2025-11-25,25884.80078125,89.14779663085938,26.34596061706543,4139.2001953125,292.67999267578125
2025-11-26,26205.30078125,89.15059661865234,27.040058135986328,4165.2001953125,296.010009765625
2025-11-27,26215.55078125,89.16300201416016,,,296.4200134277344
2025-11-28,26202.94921875,89.36479949951172,28.467914581298828,4218.2998046875,296.489990234375
2025-12-01,26175.75,89.3499984741211,29.00336265563965,4239.2998046875,296.1000061035156
2025-12-02,26032.19921875,89.61270141601562,29.528894424438477,4186.60009765625,294.6600036621094
2025-12-03,25986.0,89.91719818115234,31.115400314331055,4199.2998046875,293.79998779296875
2025-12-04,26033.75,90.17050170898438,30.500629425048828,4211.7998046875,294.3699951171875
2025-12-05,26186.44921875,89.8364028930664,30.629533767700195,4212.89990234375,296.010009765625
2025-12-08,25960.55078125,89.93800354003906,30.074254989624023,4187.2001953125,293.45001220703125
2025-12-09,25839.650390625,90.12999725341797,30.817930221557617,4206.7001953125,292.3500061035156
2025-12-10,25758.0,89.91690063476562,31.105485916137695,4196.39990234375,291.55999755859375
2025-12-11,25898.55078125,89.79299926757812,31.115400314331055,4285.5,292.92999267578125
2025-12-12,26046.94921875,90.25299835205078,31.452533721923828,4300.10009765625,294.69000244140625
2025-12-15,26027.30078125,90.5770034790039,31.482282638549805,4306.7001953125,294.5400085449219
2025-12-16,25860.099609375,90.77690124511719,31.888824462890625,4304.5,292.6600036621094
2025-12-17,25818.55078125,90.94889831542969,32.42427062988281,4347.5,291.7099914550781
2025-12-18,25815.55078125,90.4136962890625,32.354862213134766,4339.5,291.8399963378906
2025-12-19,25966.400390625,90.25579833984375,32.88039016723633,4361.39990234375,293.4494934082031
2025-12-22,26172.400390625,89.56999969482422,33.445587158203125,4444.60009765625,295.69000244140625
2025-12-23,26177.150390625,89.60389709472656,33.455501556396484,4482.7998046875,295.67999267578125
2025-12-24,26142.099609375,89.50789642333984,34.49665069580078,4480.60009765625,295.5
2025-12-26,26042.30078125,90.10590362548828,34.298336029052734,4529.10009765625,294.4599914550781
2025-12-29,25942.099609375,89.82929992675781,33.13819885253906,4325.10009765625,293.1499938964844
2025-12-30,25938.849609375,89.9000015258789,33.167945861816406,4370.10009765625,293.32000732421875
2025-12-31,26129.599609375,89.76940155029297,33.76288604736328,4325.60009765625,295.30999755859375
2026-01-01,26146.55078125,,,,295.3299865722656
2026-01-02,26328.55078125,89.96189880371094,34.4768180847168,4314.39990234375,297.54998779296875
2026-01-05,26250.30078125,90.00700378417969,36.02366638183594,4436.89990234375,296.4100036621094
2026-01-06,26178.69921875,90.23300170898438,37.72916030883789,4482.2001953125,296.0199890136719
2026-01-07,26140.75,90.16609954833984,37.56059265136719,4449.2998046875,295.7200012207031
2026-01-08,25876.849609375,89.8644027709961,37.748992919921875,4449.7001953125,292.92999267578125
2026-01-09,25683.30078125,89.90540313720703,38.67115020751953,4490.2998046875,290.5899963378906
2026-01-12,25790.25,90.23600006103516,42.46885681152344,4604.2998046875,291.8699951171875
2026-01-13,25732.30078125,90.13269805908203,41.32855224609375,4589.2001953125,291.1300048828125
2026-01-14,25665.599609375,90.27300262451172,39.48423385620117,4626.2998046875,290.6600036621094
2026-01-15,,90.18319702148438,39.75196075439453,4616.2998046875,290.6600036621094
2026-01-16,25694.349609375,90.36160278320312,41.556610107421875,4588.39990234375,291.0400085449219
2026-01-19,25585.5,90.7020034790039,,,289.6300048828125
2026-01-20,25232.5,90.90450286865234,41.784671783447266,4759.60009765625,286.2799987792969
2026-01-21,25157.5,91.11840057373047,42.31019973754883,4831.7998046875,284.95001220703125
2026-01-22,25289.900390625,91.53690338134766,43.480255126953125,4908.7998046875,286.6099853515625
2026-01-23,25048.650390625,91.55829620361328,42.74649429321289,4976.2001953125,283.9100036621094
2026-01-26,,91.5009994506836,43.72814178466797,5079.7001953125,
2026-01-27,25175.400390625,91.71309661865234,50.71870040893555,5079.89990234375,285.2200012207031
2026-01-28,25342.75,91.5343017578125,53.534751892089844,5301.60009765625,286.6099853515625
2026-01-29,25418.900390625,92.04080200195312,53.07862854003906,5318.39990234375,287.3699951171875
2026-01-30,25320.650390625,91.78189849853516,51.41279602050781,4713.89990234375,286.7300109863281
2026-02-02,25088.400390625,91.68699645996094,50.857521057128906,4622.5,283.94000244140625
2026-02-03,25727.55078125,90.24559783935547,52.25563049316406,4903.7001953125,291.239990234375
2026-02-04,25776.0,90.42289733886719,51.04591751098633,4920.39990234375,291.6499938964844
2026-02-05,25642.80078125,90.125,49.92544174194336,4861.39990234375,290.3500061035156
2026-02-06,25693.69921875,90.3147964477539,54.853538513183594,4951.2001953125,290.6499938964844
2026-02-09,25867.30078125,90.58799743652344,63.59916687011719,5050.89990234375,292.55999755859375
2026-02-10,25935.150390625,90.82279968261719,62.06223678588867,5003.7998046875,293.55999755859375
2026-02-11,25953.849609375,90.58789825439453,62.339874267578125,5071.60009765625,293.8500061035156
2026-02-12,25807.19921875,90.73570251464844,57.213470458984375,4923.7001953125,292.2699890136719
2026-02-13,25471.099609375,90.56410217285156,60.396400451660156,5022.0,288.8699951171875
2026-02-16,25682.75,90.57119750976562,,,290.760009765625
2026-02-17,25725.400390625,90.78299713134766,58.19511795043945,4882.89990234375,291.5199890136719
2026-02-18,25819.349609375,90.6261978149414,57.28287887573242,4986.5,292.20001220703125
2026-02-19,25454.349609375,90.79350280761719,58.175289154052734,4975.89990234375,288.3800048828125
2026-02-20,25571.25,91.04109954833984,58.52352523803711,5059.2998046875,289.2300109863281
2026-02-23,25713.0,90.72660064697266,56.69280242919922,5204.7001953125,290.45001220703125
2026-02-24,25424.650390625,91.02010345458984,56.67290115356445,5155.7998046875,287.8500061035156
2026-02-25,25482.5,90.91799926757812,55.89683532714844,5206.39990234375,288.6300048828125
2026-02-26,25496.55078125,90.95099639892578,56.0958251953125,5176.5,288.5799865722656
2026-02-27,25178.650390625,91.00740051269531,57.18033218383789,5230.5,285.2900085449219
2026-03-02,24865.69921875,91.07959747314453,56.57340621948242,5294.39990234375,281.92999267578125
2026-03-03,,91.56340026855469,56.0958251953125,5107.39990234375,
2026-03-04,24480.5,92.00859832763672,55.72768783569336,5120.2001953125,277.2900085449219
2026-03-05,24765.900390625,92.12300109863281,54.32479476928711,5065.2998046875,280.3500061035156
2026-03-06,24450.44921875,91.78690338134766,52.155784606933594,5146.10009765625,277.25
2026-03-09,24028.05078125,91.93620300292969,49.847476959228516,5091.5,272.4200134277344
2026-03-10,24261.599609375,91.220703125,50.39470672607422,5229.7001953125,274.95001220703125
2026-03-11,23866.849609375,92.16510009765625,50.215614318847656,5167.39990234375,270.55999755859375
2026-03-12,23639.150390625,92.22879791259766,48.69332504272461,5115.7998046875,267.94000244140625
2026-03-13,23151.099609375,92.38990020751953,47.230735778808594,5052.5,262.69000244140625
2026-03-16,23408.80078125,92.5635986328125,46.48451614379883,4994.0,265.17999267578125
2026-03-17,23581.150390625,92.28269958496094,47.648616790771484,5001.0,267.1600036621094
2026-03-18,23777.80078125,92.39129638671875,45.77809143066406,4889.89990234375,269.42999267578125
2026-03-19,23002.150390625,93.24659729003906,43.74837875366211,4600.7001953125,262.1199951171875
2026-03-20,23114.5,93.0822982788086,42.046993255615234,4570.39990234375,262.07000732421875
2026-03-23,22512.650390625,93.89530181884766,43.67873001098633,4404.10009765625,255.14999389648438
2026-03-24,22912.400390625,93.24369812011719,43.28074645996094,4399.2998046875,259.8299865722656
2026-03-25,23306.44921875,94.29969787597656,42.9126091003418,4549.7998046875,264.05999755859375
2026-03-26,,94.6937026977539,39.36060333251953,4375.5,
2026-03-27,22819.599609375,94.30950164794922,39.22130584716797,4492.0,258.8900146484375
2026-03-30,22331.400390625,94.78179931640625,37.78856658935547,4526.0,253.44000244140625
2026-03-31,,94.35590362548828,39.87798309326172,4647.60009765625,
2026-04-01,22679.400390625,93.48429870605469,41.599266052246094,4783.2001953125,257.45001220703125
2026-04-02,22713.099609375,92.6426010131836,41.06198501586914,4651.5,257.6099853515625
2026-04-03,,92.97360229492188,,,
2026-04-06,22968.25,92.97100067138672,42.36538314819336,4656.7998046875,260.25
2026-04-07,23123.650390625,92.81659698486328,43.25089645385742,4657.10009765625,261.4700012207031
2026-04-08,23997.349609375,92.86019897460938,45.52935028076172,4749.5,271.67999267578125
2026-04-09,23775.099609375,92.2748031616211,43.89761734008789,4792.2001953125,269.489990234375
2026-04-10,24050.599609375,92.46980285644531,43.758323669433594,4761.89990234375,271.95001220703125
2026-04-13,23842.650390625,94.50879669189453,43.738426208496094,4742.39990234375,269.5199890136719
2026-04-14,,94.9468002319336,44.28565216064453,4825.0,
2026-04-15,24231.30078125,93.16539764404297,44.76323699951172,4800.0,273.7699890136719
2026-04-16,24196.75,93.38680267333984,46.4049186706543,4785.39990234375,273.95001220703125
2026-04-17,24353.55078125,93.04789733886719,47.937156677246094,4857.60009765625,275.8699951171875
2026-04-20,24364.849609375,92.60330200195312,48.3848876953125,4806.60009765625,275.2099914550781
2026-04-21,24576.599609375,93.12359619140625,45.56915283203125,4698.39990234375,277.6300048828125
2026-04-22,24378.099609375,93.622802734375,47.031742095947266,4732.5,275.6400146484375
2026-04-23,24173.05078125,93.80049896240234,46.66360855102539,4705.10009765625,273.760009765625
2026-04-24,23897.94921875,94.11289978027344,46.77305221557617,4722.2998046875,271.0899963378906
2026-04-27,24092.69921875,94.25029754638672,46.9720458984375,4675.39990234375,272.5199890136719
2026-04-28,23995.69921875,94.25849914550781,45.48955535888672,4591.5,271.4800109863281
2026-04-29,24177.650390625,94.64550018310547,44.942325592041016,4545.2001953125,273.1300048828125
2026-04-30,23997.55078125,94.9166030883789,44.96222686767578,4614.7001953125,272.010009765625
2026-05-01,,94.75910186767578,42.415130615234375,4629.89990234375,272.010009765625
2026-05-04,24119.30078125,94.90299987792969,42.425079345703125,4519.5,273.1199951171875
2026-05-05,24032.80078125,95.2593994140625,42.713619232177734,4555.7998046875,272.29998779296875
2026-05-06,24330.94921875,95.18299865722656,42.88275909423828,4681.89990234375,275.7300109863281
2026-05-07,24326.650390625,94.60800170898438,43.29069137573242,4699.7998046875,275.1700134277344
2026-05-08,24176.150390625,94.25299835205078,45.161216735839844,4720.39990234375,273.94000244140625
2026-05-11,23815.849609375,94.42530059814453,43.16135025024414,4718.7001953125,270.1000061035156
2026-05-12,23379.55078125,95.39140319824219,41.9474983215332,4677.60009765625,265.04998779296875
2026-05-13,23412.599609375,95.63300323486328,41.09183120727539,4697.7001953125,265.44000244140625
2026-05-14,23689.599609375,95.69580078125,40.35556411743164,4678.10009765625,268.0899963378906
2026-05-15,23643.5,95.70989990234375,38.534786224365234,4555.7998046875,267.29998779296875
2026-05-18,23649.94921875,95.97029876708984,39.46009826660156,4552.5,267.5799865722656
2026-05-19,23618.0,96.27020263671875,39.47999954223633,4506.2998046875,267.6099853515625
2026-05-20,23659.0,96.56580352783203,41.0099983215332,4531.2998046875,268.04998779296875
2026-05-21,23654.69921875,96.5282974243164,41.779998779296875,4539.7998046875,268.2099914550781
2026-05-22,23719.30078125,96.17389678955078,43.400001525878906,4521.0,269.1000061035156
2026-05-25,24031.69921875,95.71949768066406,,,271.989990234375
2026-05-26,23913.69921875,95.25279998779297,43.130001068115234,4500.39990234375,270.8299865722656
2026-05-27,23907.150390625,95.90499877929688,42.310001373291016,4447.5,270.94000244140625
2026-05-28,,96.04889678955078,42.83000183105469,4499.2998046875,270.94000244140625
2026-05-29,23547.75,96.04820251464844,42.310001373291016,4560.5,267.7799987792969
2026-05-31,,,,4545.2998046875,
2026-06-01,23639.19921875,94.78500366210938,,,268.0199890136719
